#{"t_start": 1761561634.0887206, "env_id": "None"}
r,l,t
0.9,2,0.704522
-0.4,15,0.706552
-0.1,12,0.707551
1.0,1,0.707551
-0.9,20,0.709551
0.9,2,0.710552
-2.7,38,0.714517
-1.7,28,0.717027
0.7,4,0.718035
0.7,4,0.718035
-0.3,14,0.724637
-0.5,16,0.726639
-1.2,23,0.729638
-5.0,50,0.735637
0.0,11,0.736638
0.9,2,0.736638
0.4,7,0.737638
0.3,8,0.739639
0.7,4,0.740638
0.7,4,0.740638
-1.4,25,0.746101
0.8,3,0.747076
-0.8,19,0.749078
0.4,7,0.749078
0.5,6,0.751043
0.5,6,0.751043
-0.3,14,0.753048
0.8,3,0.753048
0.1,10,0.754046
-1.3,24,0.757075
0.9,2,0.759267
-2.7,38,0.763273
-1.9,30,0.767272
0.7,4,0.767272
-0.8,19,0.769274
-2.3,34,0.775275
1.0,1,0.775275
-0.9,20,0.777274
-0.4,15,0.779273
-0.1,12,0.780274
-1.2,23,0.785254
0.5,6,0.786254
0.6,5,0.786254
0.2,9,0.788255
0.1,10,0.789259
0.6,5,0.790257
-2.5,36,0.793254
0.9,2,0.794256
0.9,2,0.794256
0.4,7,0.795256
0.4,7,0.798259
-0.5,16,0.800254
-1.0,21,0.803266
0.2,9,0.804261
-0.8,19,0.806261
1.0,1,0.806261
-0.5,16,0.809265
-0.2,13,0.810263
1.0,1,0.811261
0.2,9,0.81226
-0.1,12,0.815578
0.9,2,0.815578
-0.8,19,0.818102
0.6,5,0.8191
-0.1,12,0.820101
0.8,3,0.821102
0.0,11,0.822102
-0.2,13,0.824103
0.1,10,0.825102
-0.4,15,0.8261
0.7,4,0.829901
-0.4,15,0.830901
0.9,2,0.8319
0.6,5,0.8319
1.0,1,0.8319
-0.1,12,0.833931
0.8,3,0.833931
-1.4,25,0.836904
0.4,7,0.8379
0.1,10,0.838935
-1.4,25,0.843898
-0.7,18,0.846898
0.3,8,0.855899
0.5,6,0.861898
0.6,5,0.8649
0.3,8,0.869896
0.4,7,0.876899
0.0,11,0.882899
-1.9,30,0.901932
0.4,7,0.90697
0.9,2,0.908939
-1.0,21,0.922166
-2.1,32,0.941131
0.7,4,0.943131
1.0,1,0.944131
0.1,10,0.949166
-0.6,17,0.95717
0.9,2,0.959169
-0.1,12,0.966131
0.9,2,0.966131
1.0,1,0.970131
0.8,3,0.970131
-1.2,23,0.985131
0.9,2,0.988131
-0.1,12,0.995135
-0.4,15,1.002133
0.9,2,1.003139
-0.6,17,1.015138
0.9,2,1.017715
-0.6,17,1.028722
0.1,10,1.035721
0.9,2,1.037722
-0.5,16,1.049721
0.0,11,1.057721
1.0,1,1.058749
-5.0,50,1.083722
1.0,1,1.084723
0.8,3,1.085721
0.7,4,1.087721
0.5,6,1.091719
-0.7,18,1.102722
1.0,1,1.103722
1.0,1,1.103722
-2.7,38,1.128269
-3.0,41,1.153266
-1.7,28,1.169266
0.8,3,1.170268
0.0,11,1.176265
-1.5,26,1.192266
0.6,5,1.194265
-5.0,50,1.228546
1.0,1,1.230546
-0.5,16,1.239548
0.5,6,1.242547
0.5,6,1.246547
0.5,6,1.249575
-0.3,14,1.258546
0.7,4,1.261546
0.7,4,1.263547
1.0,1,1.264546
0.9,2,1.266544
0.4,7,1.271544
1.0,1,1.271544
-1.4,25,1.291576
0.4,7,1.296545
1.0,1,1.299546
-0.9,20,1.314557
0.7,4,1.317554
-0.1,12,1.330062
0.6,5,1.334064
0.4,7,1.346065
0.9,2,1.346065
0.4,7,1.354066
0.0,11,1.364087
0.7,4,1.368062
0.6,5,1.370061
0.2,9,1.377092
0.0,11,1.387061
0.6,5,1.390061
-0.9,20,1.403064
0.6,5,1.409065
0.7,4,1.413067
0.6,5,1.41757
0.7,4,1.421578
-5.0,50,1.459604
0.5,6,1.464574
0.0,11,1.468576
0.6,5,1.473604
1.0,1,1.473604
-0.6,17,1.484604
-1.5,26,1.501576
-3.1,42,1.528098
0.6,5,1.530097
0.9,2,1.532098
0.1,10,1.538095
0.8,3,1.541095
-0.1,12,1.548095
0.4,7,1.552099
-0.8,19,1.562098
0.6,5,1.564098
0.4,7,1.571126
1.0,1,1.571126
1.0,1,1.572098
1.0,1,1.572098
-0.1,12,1.578125
1.0,1,1.580126
-0.5,16,1.591095
1.0,1,1.591095
0.8,3,1.593126
-0.7,18,1.603103
1.0,1,1.604102
0.2,9,1.610106
-0.2,13,1.618669
0.1,10,1.624669
-0.6,17,1.636668
0.3,8,1.642671
0.2,9,1.647643
0.8,3,1.649643
-1.4,25,1.662669
0.5,6,1.665669
1.0,1,1.669643
0.5,6,1.671643
0.9,2,1.673643
-0.5,16,1.685642
1.0,1,1.68664
-0.9,20,1.698638
-1.8,29,1.714642
0.8,3,1.716642
0.8,3,1.719036
1.0,1,1.719036
0.9,2,1.721033
0.0,11,1.730031
-1.0,21,1.743034
-0.5,16,1.753035
-0.5,16,1.764068
1.0,1,1.766074
0.0,11,1.772034
-1.5,26,1.786035
0.9,2,1.786035
0.4,7,1.791034
-1.6,27,1.811042
-3.3,44,1.840559
-0.2,13,1.85156
0.5,6,1.856558
1.0,1,1.856558
0.4,7,1.862559
1.0,1,1.863557
-0.7,18,1.876559
0.9,2,1.880555
-0.2,13,1.891558
-1.7,28,1.921079
1.0,1,1.921079
-2.2,33,1.949073
-3.0,41,1.976114
-0.8,19,1.988073
-0.6,17,2.0001
-0.1,12,2.008134
0.2,9,2.016108
-0.1,12,2.027622
0.6,5,2.031629
-0.9,20,2.053456
0.9,2,2.055454
-2.1,32,2.081487
1.0,1,2.081487
-0.1,12,2.089491
0.8,3,2.091489
-1.1,22,2.102457
-2.7,38,2.129072
0.9,2,2.130072
-1.3,24,2.144042
-1.2,23,2.160041
0.3,8,2.165047
0.9,2,2.167048
0.9,2,2.168044
0.5,6,2.173043
0.9,2,2.174042
0.7,4,2.176043
-1.0,21,2.193042
-0.5,16,2.204085
-0.3,14,2.213081
0.9,2,2.216081
0.8,3,2.218597
1.0,1,2.218597
-2.0,31,2.242593
0.8,3,2.245594
-1.0,21,2.261595
0.8,3,2.263593
0.9,2,2.263593
0.3,8,2.268623
0.4,7,2.274596
1.0,1,2.277594
0.6,5,2.282598
-1.2,23,2.297596
0.1,10,2.305651
0.1,10,2.312681
-1.4,25,2.330219
0.0,11,2.337249
0.7,4,2.339247
0.1,10,2.346221
0.9,2,2.34722
-1.3,24,2.367222
0.7,4,2.371237
0.8,3,2.375217
0.6,5,2.378232
0.5,6,2.38425
0.9,2,2.38522
0.9,2,2.387221
0.3,8,2.393224
-0.3,14,2.40122
0.9,2,2.403286
0.8,3,2.409258
0.9,2,2.409258
0.2,9,2.416285
0.1,10,2.424833
1.0,1,2.424833
0.8,3,2.429834
1.0,1,2.429834
-1.2,23,2.446831
-1.2,23,2.460832
1.0,1,2.461841
0.4,7,2.46987
0.5,6,2.471866
-0.3,14,2.480839
-0.2,13,2.489842
0.1,10,2.495847
1.0,1,2.499867
-0.8,19,2.510837
0.1,10,2.51834
0.9,2,2.519342
-0.5,16,2.528355
1.0,1,2.533352
0.3,8,2.538353
0.5,6,2.541352
-0.8,19,2.554379
-0.7,18,2.569342
0.1,10,2.577379
0.7,4,2.581353
0.9,2,2.581353
-0.6,17,2.596342
1.0,1,2.596342
0.4,7,2.605366
-0.6,17,2.617871
0.2,9,2.623885
0.8,3,2.626876
1.0,1,2.626876
-1.5,26,2.642911
-1.1,22,2.65391
0.6,5,2.655911
0.4,7,2.660911
-1.0,21,2.671911
1.0,1,2.676877
0.1,10,2.681877
1.0,1,2.681877
0.2,9,2.687876
0.5,6,2.690879
-2.0,31,2.712916
0.9,2,2.712916
0.8,3,2.714916
1.0,1,2.715921
0.8,3,2.71789
0.5,6,2.725447
1.0,1,2.725447
0.7,4,2.727447
0.1,10,2.732448
-2.3,34,2.757435
-0.6,17,2.766445
0.8,3,2.769445
0.9,2,2.769445
0.8,3,2.772444
1.0,1,2.772444
0.4,7,2.778445
0.7,4,2.780445
-0.4,15,2.790437
0.0,11,2.800477
1.0,1,2.800477
0.9,2,2.800477
0.5,6,2.805524
1.0,1,2.806483
0.8,3,2.808483
-1.4,25,2.822033
0.5,6,2.829035
0.9,2,2.830063
-0.4,15,2.841068
1.0,1,2.842064
0.1,10,2.848026
0.7,4,2.851069
0.9,2,2.852068
0.7,4,2.854069
0.9,2,2.85707
0.7,4,2.859069
0.3,8,2.867064
-0.1,12,2.875063
-0.8,19,2.888035
-0.5,16,2.898035
0.6,5,2.903036
0.7,4,2.905048
-0.3,14,2.91408
0.3,8,2.919675
-0.7,18,2.931673
1.0,1,2.932674
0.5,6,2.937674
0.7,4,2.940668
0.5,6,2.946634
1.0,1,2.947633
0.0,11,2.954632
-0.1,12,2.962632
-0.6,17,2.970642
-0.4,15,2.979632
1.0,1,2.979632
0.1,10,2.985631
-0.7,18,2.998645
1.0,1,2.999645
0.6,5,3.003659
0.5,6,3.007651
0.0,11,3.016649
0.9,2,3.018153
-0.4,15,3.027157
0.7,4,3.030159
-0.1,12,3.036193
0.9,2,3.038193
0.5,6,3.043194
0.2,9,3.048194
0.1,10,3.055158
0.7,4,3.059159
0.9,2,3.059159
-1.1,22,3.074193
-0.2,13,3.081193
0.9,2,3.083201
-0.3,14,3.091158
1.0,1,3.091158
0.1,10,3.100166
0.2,9,3.107178
0.6,5,3.110172
-0.1,12,3.117207
1.0,1,3.119555
0.1,10,3.125555
0.0,11,3.132588
0.7,4,3.135518
0.3,8,3.140518
-1.1,22,3.15152
0.5,6,3.158521
0.4,7,3.16252
1.0,1,3.16252
1.0,1,3.16252
0.3,8,3.16752
-0.3,14,3.179528
1.0,1,3.179528
1.0,1,3.179528
0.8,3,3.181528
-0.4,15,3.192518
-0.1,12,3.20152
1.0,1,3.20152
-0.5,16,3.211524
0.2,9,3.218525
-1.3,24,3.234687
0.5,6,3.238654
1.0,1,3.239687
0.4,7,3.243687
-2.0,31,3.263653
0.7,4,3.265653
0.2,9,3.274661
1.0,1,3.274661
0.7,4,3.278653
0.5,6,3.283688
-0.1,12,3.29065
0.5,6,3.29566
1.0,1,3.29566
0.3,8,3.300659
0.4,7,3.304672
-1.4,25,3.317705
1.0,1,3.320013
0.8,3,3.323048
0.9,2,3.32501
0.1,10,3.332002
-0.1,12,3.339011
0.5,6,3.345042
-0.5,16,3.354
0.5,6,3.356
-0.6,17,3.366
0.8,3,3.368
0.9,2,3.372001
-0.9,20,3.385037
0.4,7,3.390004
-0.6,17,3.40201
0.8,3,3.40301
1.0,1,3.405055
0.7,4,3.408015
1.0,1,3.409055
1.0,1,3.409055
-0.3,14,3.417054
-0.6,17,3.429606
0.5,6,3.432606
0.6,5,3.441607
0.8,3,3.442635
0.9,2,3.445637
1.0,1,3.445637
0.3,8,3.451609
1.0,1,3.452606
-0.5,16,3.461605
0.0,11,3.46861
1.0,1,3.470607
-1.9,30,3.493607
1.0,1,3.493607
-0.2,13,3.501606
0.7,4,3.505608
0.5,6,3.509608
0.7,4,3.512608
0.4,7,3.518638
0.8,3,3.519173
-0.3,14,3.528208
-0.3,14,3.537181
0.6,5,3.541234
-0.5,16,3.554214
-1.9,30,3.570177
1.0,1,3.571177
0.6,5,3.575176
0.7,4,3.577177
0.7,4,3.580176
1.0,1,3.580176
0.3,8,3.586177
0.9,2,3.588184
0.9,2,3.590177
0.8,3,3.593177
0.7,4,3.596181
1.0,1,3.59718
0.1,10,3.604244
-2.4,35,3.626808
-0.1,12,3.63381
0.4,7,3.637809
0.9,2,3.638809
0.9,2,3.642814
0.9,2,3.643814
0.6,5,3.648814
1.0,1,3.648814
1.0,1,3.648814
-0.2,13,3.656814
0.4,7,3.664781
-0.6,17,3.67678
1.0,1,3.678778
-1.2,23,3.689778
0.3,8,3.697809
-0.5,16,3.7098
-0.3,14,3.721299
0.5,6,3.725298
0.8,3,3.727297
0.5,6,3.731297
1.0,1,3.731297
0.2,9,3.736297
-0.8,19,3.746297
1.0,1,3.746297
-0.1,12,3.756302
0.6,5,3.760303
0.6,5,3.764332
1.0,1,3.765333
0.6,5,3.767332
1.0,1,3.767332
0.9,2,3.770301
0.9,2,3.770301
0.9,2,3.7723
0.8,3,3.775297
0.8,3,3.777298
-0.5,16,3.788301
0.9,2,3.791332
0.6,5,3.795306
0.3,8,3.800334
0.8,3,3.80431
-0.1,12,3.814307
1.0,1,3.814307
-0.5,16,3.824918
0.8,3,3.82692
-2.1,32,3.849007
0.5,6,3.853886
0.9,2,3.856886
0.4,7,3.862913
-1.9,30,3.880887
0.6,5,3.882886
0.9,2,3.884887
-1.0,21,3.895884
0.0,11,3.901883
0.1,10,3.906887
0.3,8,3.914923
0.7,4,3.917929
0.6,5,3.922998
0.8,3,3.923997
1.0,1,3.925968
0.5,6,3.929961
0.1,10,3.939966
0.7,4,3.942964
0.8,3,3.943963
0.9,2,3.945966
0.9,2,3.948996
1.0,1,3.949995
0.7,4,3.952995
0.1,10,3.956999
-1.0,21,3.972962
0.2,9,3.979991
0.1,10,3.984993
0.9,2,3.987991
0.8,3,3.987991
0.9,2,3.989963
0.2,9,3.995961
-0.9,20,4.00997
1.0,1,4.010966
0.3,8,4.017963
0.4,7,4.02447
0.1,10,4.031471
0.5,6,4.033471
0.6,5,4.03647
-0.3,14,4.045468
0.2,9,4.049468
0.5,6,4.05647
1.0,1,4.05747
0.1,10,4.06347
0.9,2,4.065471
0.4,7,4.071472
1.0,1,4.072472
0.8,3,4.075471
0.7,4,4.077471
-0.5,16,4.087471
1.0,1,4.087471
-0.9,20,4.101472
0.5,6,4.10548
0.3,8,4.112478
0.5,6,4.116477
0.9,2,4.117476
0.4,7,4.121989
0.9,2,4.123991
-0.3,14,4.13099
0.7,4,4.135017
-0.6,17,4.147017
0.8,3,4.151017
0.7,4,4.154017
0.6,5,4.156017
0.9,2,4.158017
0.7,4,4.161017
0.1,10,4.16599
1.0,1,4.168988
1.0,1,4.168988
0.3,8,4.17499
-0.6,17,4.185017
-0.3,14,4.195989
0.9,2,4.196989
0.5,6,4.202986
0.7,4,4.205995
0.8,3,4.206994
0.5,6,4.211996
0.6,5,4.214996
-0.6,17,4.225508
0.2,9,4.231507
0.9,2,4.232508
0.8,3,4.236508
1.0,1,4.236508
0.8,3,4.238507
1.0,1,4.239507
0.6,5,4.241507
0.8,3,4.243508
0.6,5,4.248535
-0.2,13,4.259508
1.0,1,4.260508
0.9,2,4.260508
1.0,1,4.264507
0.7,4,4.266508
0.9,2,4.267508
0.9,2,4.269507
0.0,11,4.273508
-0.6,17,4.288535
0.8,3,4.289535
0.2,9,4.296507
0.6,5,4.298507
1.0,1,4.299507
0.1,10,4.307514
-0.1,12,4.319015
0.8,3,4.320019
0.1,10,4.327021
0.9,2,4.327021
0.6,5,4.332021
0.2,9,4.338021
0.5,6,4.342048
0.8,3,4.345049
0.5,6,4.350049
0.7,4,4.354021
0.5,6,4.358021
1.0,1,4.358021
0.7,4,4.361021
1.0,1,4.363023
0.3,8,4.368021
0.8,3,4.369021
1.0,1,4.371021
-0.2,13,4.379022
0.6,5,4.383021
0.1,10,4.393021
0.5,6,4.396021
-1.3,24,4.413068
0.5,6,4.419067
0.3,8,4.424098
0.8,3,4.424098
0.9,2,4.426097
0.9,2,4.427097
1.0,1,4.428098
0.5,6,4.431098
1.0,1,4.434123
0.7,4,4.436123
-0.5,16,4.446128
-0.4,15,4.459092
0.9,2,4.46113
0.6,5,4.464129
0.0,11,4.472095
0.9,2,4.472095
0.8,3,4.474096
-1.2,23,4.487123
0.9,2,4.489099
-0.1,12,4.498134
-0.5,16,4.510101
0.0,11,4.517138
0.2,9,4.522682
0.4,7,4.527682
0.3,8,4.531685
0.5,6,4.534685
0.4,7,4.539685
0.3,8,4.544685
-1.4,25,4.560679
0.2,9,4.569681
0.8,3,4.57068
0.4,7,4.57568
0.2,9,4.58068
0.9,2,4.58268
0.3,8,4.58768
-0.4,15,4.596716
0.2,9,4.60171
-0.7,18,4.611756
0.2,9,4.621234
-0.1,12,4.629234
0.0,11,4.634233
0.6,5,4.640261
0.9,2,4.640261
0.2,9,4.646262
0.9,2,4.649263
1.0,1,4.649263
0.2,9,4.654267
0.6,5,4.660262
0.3,8,4.667262
-0.2,13,4.677235
0.5,6,4.680233
0.4,7,4.685232
1.0,1,4.685232
0.8,3,4.687232
-0.2,13,4.695231
0.9,2,4.697232
0.5,6,4.700232
0.8,3,4.702232
1.0,1,4.704242
1.0,1,4.706249
0.2,9,4.711248
0.9,2,4.712248
-1.0,21,4.728789
1.0,1,4.729788
1.0,1,4.729788
0.2,9,4.735757
1.0,1,4.737762
-0.1,12,4.744761
0.7,4,4.749761
0.8,3,4.749761
0.4,7,4.756788
0.7,4,4.759761
0.7,4,4.763788
0.8,3,4.766788
1.0,1,4.766788
0.6,5,4.769758
-0.2,13,4.779758
0.4,7,4.782758
-1.0,21,4.79776
0.5,6,4.800761
0.0,11,4.807766
0.3,8,4.814798
0.9,2,4.815766
0.4,7,4.821367
1.0,1,4.822333
0.4,7,4.827331
0.7,4,4.830332
-0.5,16,4.840363
0.7,4,4.844363
0.8,3,4.847362
0.7,4,4.851334
0.7,4,4.853332
0.9,2,4.854332
0.8,3,4.857334
0.2,9,4.862331
0.2,9,4.871333
1.0,1,4.872331
0.2,9,4.877333
-0.5,16,4.891335
0.9,2,4.894362
0.6,5,4.898335
1.0,1,4.899346
1.0,1,4.899346
0.5,6,4.904362
0.9,2,4.90537
0.4,7,4.909368
0.1,10,4.917403
0.2,9,4.922881
0.6,5,4.92788
-0.2,13,4.934879
0.2,9,4.940879
0.4,7,4.943882
0.6,5,4.950883
1.0,1,4.950883
1.0,1,4.950883
0.5,6,4.956881
0.5,6,4.959882
0.5,6,4.964881
1.0,1,4.966881
0.4,7,4.971881
0.2,9,4.976883
1.0,1,4.976883
0.7,4,4.979881
0.6,5,4.982884
1.0,1,4.985881
-0.2,13,4.993881
0.7,4,4.996879
0.4,7,5.001878
0.3,8,5.009884
-0.5,16,5.020393
1.0,1,5.020393
0.3,8,5.028392
-0.2,13,5.036423
0.3,8,5.041392
0.3,8,5.047392
0.4,7,5.052392
0.9,2,5.053392
0.4,7,5.058429
0.4,7,5.065395
0.8,3,5.067394
1.0,1,5.067394
-0.1,12,5.075429
-0.5,16,5.087438
0.6,5,5.090427
0.8,3,5.093429
0.4,7,5.098394
0.7,4,5.100395
0.6,5,5.103395
0.9,2,5.1064
0.8,3,5.109399
0.4,7,5.1134
1.0,1,5.114401
0.8,3,5.116401
1.0,1,5.116401
0.6,5,5.119401
0.9,2,5.12247
0.9,2,5.123469
1.0,1,5.12547
1.0,1,5.127471
1.0,1,5.127471
-0.9,20,5.141471
-0.2,13,5.151506
0.9,2,5.153508
-0.6,17,5.166472
-0.3,14,5.175469
0.0,11,5.181501
0.3,8,5.186472
0.7,4,5.188473
0.2,9,5.197472
0.2,9,5.20347
0.0,11,5.213514
1.0,1,5.213514
0.0,11,5.222096
0.4,7,5.225098
0.8,3,5.227099
0.9,2,5.229096
-0.1,12,5.237064
0.6,5,5.239064
0.8,3,5.243066
1.0,1,5.244064
-0.4,15,5.257061
0.9,2,5.257061
0.9,2,5.259061
-0.3,14,5.269098
0.4,7,5.275063
0.3,8,5.280074
-0.2,13,5.289091
0.7,4,5.292091
0.9,2,5.296062
0.8,3,5.297061
0.5,6,5.301062
0.0,11,5.308064
0.4,7,5.313066
0.8,3,5.317076
0.8,3,5.319639
0.0,11,5.327647
0.9,2,5.327647
0.3,8,5.332644
0.6,5,5.336645
0.9,2,5.339643
0.5,6,5.344658
0.4,7,5.350646
0.8,3,5.352645
0.7,4,5.355644
0.5,6,5.359645
-0.5,16,5.369643
-0.8,19,5.382644
0.8,3,5.384643
0.2,9,5.393646
0.6,5,5.395646
-1.2,23,5.413652
0.1,10,5.4212
0.6,5,5.424161
1.0,1,5.425161
-0.2,13,5.432161
-0.7,18,5.445163
-0.2,13,5.453163
1.0,1,5.453163
0.5,6,5.460161
0.4,7,5.465161
1.0,1,5.465161
0.9,2,5.466162
0.9,2,5.469164
0.4,7,5.477165
-0.3,14,5.487163
0.9,2,5.490161
-0.1,12,5.497161
1.0,1,5.497161
0.5,6,5.502163
-0.8,19,5.51517
0.7,4,5.519684
0.9,2,5.522691
0.3,8,5.528688
0.3,8,5.535688
0.4,7,5.538688
0.9,2,5.540689
1.0,1,5.540689
0.7,4,5.543691
0.2,9,5.550717
0.6,5,5.554717
0.3,8,5.559717
0.8,3,5.560718
-0.3,14,5.573687
1.0,1,5.574687
0.1,10,5.581717
0.1,10,5.587718
-0.5,16,5.599689
0.7,4,5.602689
-0.3,14,5.613694
0.6,5,5.616694
0.8,3,5.618694
0.8,3,5.620196
0.7,4,5.622199
0.7,4,5.626199
1.0,1,5.628203
0.5,6,5.632201
0.3,8,5.636201
0.5,6,5.6422
0.8,3,5.645201
0.5,6,5.650201
1.0,1,5.650201
1.0,1,5.651201
-0.1,12,5.658199
-0.6,17,5.672202
0.4,7,5.675201
0.3,8,5.68023
0.8,3,5.68123
0.7,4,5.684228
0.9,2,5.68823
1.0,1,5.68823
0.8,3,5.691229
1.0,1,5.691229
1.0,1,5.691229
0.0,11,5.698229
0.6,5,5.701229
1.0,1,5.702229
0.8,3,5.704203
-0.5,16,5.715244
0.5,6,5.722729
0.9,2,5.72373
0.7,4,5.725754
1.0,1,5.725754
0.4,7,5.730755
0.8,3,5.732754
0.2,9,5.738729
1.0,1,5.738729
0.6,5,5.744724
-0.1,12,5.754726
0.4,7,5.760726
0.1,10,5.769732
0.3,8,5.776724
0.9,2,5.776724
0.7,4,5.78076
0.7,4,5.783726
0.3,8,5.789754
0.6,5,5.793755
0.7,4,5.796754
-0.9,20,5.809799
0.4,7,5.815769
0.1,10,5.822289
0.6,5,5.825289
0.9,2,5.827289
0.9,2,5.828289
0.8,3,5.831287
0.5,6,5.835286
-0.3,14,5.845286
1.0,1,5.846328
0.7,4,5.84832
0.4,7,5.855289
-1.0,21,5.870284
0.1,10,5.878289
0.0,11,5.883287
0.2,9,5.890286
0.4,7,5.894285
0.1,10,5.900313
0.3,8,5.905319
0.9,2,5.906347
-0.7,18,5.917319
0.8,3,5.920833
1.0,1,5.921831
0.5,6,5.923831
1.0,1,5.926831
0.8,3,5.92783
0.8,3,5.930828
0.4,7,5.938858
0.6,5,5.942828
1.0,1,5.942828
0.6,5,5.946828
0.7,4,5.950832
0.1,10,5.956831
0.9,2,5.959831
0.9,2,5.960831
1.0,1,5.960831
0.1,10,5.970828
0.3,8,5.977876
0.3,8,5.983831
0.3,8,5.989839
1.0,1,5.989839
-1.4,25,6.009873
0.9,2,6.012873
-0.3,14,6.021446
1.0,1,6.023445
-0.1,12,6.031444
0.7,4,6.034444
1.0,1,6.034444
0.0,11,6.043472
0.9,2,6.044473
0.4,7,6.050472
1.0,1,6.052444
0.6,5,6.055445
0.6,5,6.059445
0.7,4,6.061445
0.9,2,6.062444
0.8,3,6.065445
0.6,5,6.067445
-0.1,12,6.077443
0.0,11,6.085469
1.0,1,6.085469
1.0,1,6.088444
0.6,5,6.092444
0.2,9,6.097445
0.2,9,6.105521
1.0,1,6.105521
0.5,6,6.112514
0.4,7,6.118515
-0.2,13,6.125081
0.6,5,6.129081
0.8,3,6.132052
1.0,1,6.133062
-0.3,14,6.142052
-0.6,17,6.153053
-0.9,20,6.166053
0.9,2,6.166053
0.9,2,6.168054
-0.2,13,6.177054
0.5,6,6.182051
0.8,3,6.183062
0.9,2,6.185051
0.5,6,6.19105
1.0,1,6.193051
0.6,5,6.196054
0.2,9,6.203081
0.8,3,6.206096
0.2,9,6.212068
1.0,1,6.213066
1.0,1,6.215066
0.8,3,6.216066
-0.3,14,6.225579
0.2,9,6.233576
0.4,7,6.238581
0.5,6,6.241576
0.1,10,6.250578
1.0,1,6.250578
0.8,3,6.253607
0.9,2,6.254617
0.7,4,6.256612
0.6,5,6.262582
0.4,7,6.26558
-1.9,30,6.292576
0.9,2,6.292576
0.4,7,6.298576
0.1,10,6.307582
0.8,3,6.308581
0.7,4,6.310581
0.3,8,6.316581
-0.2,13,6.327132
0.4,7,6.330127
0.8,3,6.333126
-0.3,14,6.345093
0.3,8,6.350092
0.9,2,6.350092
0.4,7,6.357093
0.3,8,6.3641
0.2,9,6.369093
0.4,7,6.37409
0.1,10,6.379091
1.0,1,6.38009
1.0,1,6.381091
0.8,3,6.386095
-0.1,12,6.392093
0.9,2,6.393093
-0.5,16,6.404094
-0.2,13,6.4131
0.8,3,6.4151
0.7,4,6.418139
0.4,7,6.423674
0.9,2,6.423674
0.8,3,6.425668
0.5,6,6.43264
0.8,3,6.434642
0.0,11,6.44464
0.5,6,6.449643
0.2,9,6.45464
0.2,9,6.460643
0.8,3,6.462638
0.7,4,6.465641
1.0,1,6.466638
0.7,4,6.468638
0.7,4,6.472639
1.0,1,6.473638
0.7,4,6.475638
1.0,1,6.477638
0.4,7,6.480638
0.3,8,6.486638
0.8,3,6.491642
1.0,1,6.492658
0.5,6,6.499675
0.9,2,6.500676
0.4,7,6.50864
0.4,7,6.515642
1.0,1,6.515642
0.8,3,6.518641
0.0,11,6.52715
0.6,5,6.53015
0.4,7,6.535151
0.1,10,6.54115
-0.6,17,6.550148
-0.4,15,6.560148
0.5,6,6.56715
0.5,6,6.571149
0.4,7,6.577185
0.5,6,6.582148
1.0,1,6.58415
0.7,4,6.587185
0.6,5,6.590185
0.7,4,6.59315
0.9,2,6.59315
0.4,7,6.598148
0.9,2,6.602148
0.7,4,6.604148
0.5,6,6.607151
0.9,2,6.610156
0.3,8,6.617186
1.0,1,6.618186
0.7,4,6.62139
1.0,1,6.62139
1.0,1,6.622391
0.8,3,6.624358
0.9,2,6.629357
-0.1,12,6.637357
1.0,1,6.637357
0.6,5,6.641358
-0.3,14,6.653354
0.2,9,6.66139
0.7,4,6.66439
-1.6,27,6.684393
0.7,4,6.687391
0.4,7,6.691356
-0.1,12,6.700357
0.6,5,6.705358
0.9,2,6.706367
-0.1,12,6.716363
1.0,1,6.717363
0.5,6,6.721882
0.9,2,6.72288
0.6,5,6.727878
1.0,1,6.727878
0.4,7,6.732878
0.6,5,6.737877
0.9,2,6.737877
1.0,1,6.739877
0.1,10,6.744877
1.0,1,6.744877
-0.7,18,6.758878
0.8,3,6.761881
0.9,2,6.761881
0.7,4,6.76488
0.2,9,6.770877
0.5,6,6.777877
-1.1,22,6.792915
0.4,7,6.798914
0.7,4,6.801917
0.3,8,6.807923
0.8,3,6.810958
1.0,1,6.810958
0.7,4,6.813958
0.3,8,6.818921
1.0,1,6.818921
0.8,3,6.823427
0.3,8,6.828426
-0.1,12,6.838431
0.8,3,6.84043
0.3,8,6.846457
0.5,6,6.849457
0.4,7,6.854432
0.4,7,6.859432
0.6,5,6.862428
0.6,5,6.865426
-0.1,12,6.874426
0.3,8,6.881431
0.5,6,6.887427
1.0,1,6.888426
0.2,9,6.894428
0.4,7,6.89943
0.8,3,6.902429
1.0,1,6.902429
0.5,6,6.906436
0.3,8,6.911433
0.5,6,6.916432
0.3,8,6.921752
1.0,1,6.922754
0.7,4,6.925718
0.3,8,6.93072
1.0,1,6.932719
0.9,2,6.933719
0.7,4,6.936717
0.9,2,6.939716
0.6,5,6.943746
0.8,3,6.948747
0.7,4,6.951746
0.3,8,6.957753
0.6,5,6.960718
0.7,4,7.015725
0.7,4,7.019724
0.5,6,7.02621
0.4,7,7.039206
0.7,4,7.042206
0.4,7,7.046206
0.7,4,7.051215
0.5,6,7.055243
0.3,8,7.061244
0.5,6,7.066242
0.7,4,7.070208
-0.5,16,7.082216
0.9,2,7.08321
1.0,1,7.085218
0.6,5,7.088217
0.4,7,7.093216
0.5,6,7.098216
0.4,7,7.103215
0.3,8,7.108227
0.0,11,7.118232
0.7,4,7.120775
-0.5,16,7.132815
0.8,3,7.133815
0.9,2,7.136816
0.7,4,7.138815
1.0,1,7.139815
0.9,2,7.143781
0.2,9,7.149787
0.5,6,7.152786
1.0,1,7.154787
1.0,1,7.154787
1.0,1,7.155787
0.8,3,7.157789
0.4,7,7.164816
0.1,10,7.172816
0.3,8,7.179787
0.7,4,7.183817
0.5,6,7.1898
0.8,3,7.190815
0.7,4,7.193817
1.0,1,7.195817
0.6,5,7.199781
0.5,6,7.203779
0.9,2,7.206803
0.7,4,7.209834
0.3,8,7.215837
0.9,2,7.217794
0.6,5,7.223431
-0.1,12,7.235387
0.8,3,7.236387
0.9,2,7.238393
0.2,9,7.244432
-0.2,13,7.251398
0.7,4,7.254398
0.7,4,7.257399
0.8,3,7.260397
0.5,6,7.266397
0.7,4,7.269397
1.0,1,7.270397
0.4,7,7.277426
0.9,2,7.277426
0.9,2,7.28139
0.8,3,7.282388
0.6,5,7.287396
0.3,8,7.293431
0.6,5,7.296438
0.8,3,7.300425
0.5,6,7.303432
0.7,4,7.306405
0.8,3,7.310437
0.5,6,7.314437
0.5,6,7.319394
0.9,2,7.321901
1.0,1,7.323937
0.5,6,7.326936
0.0,11,7.333936
1.0,1,7.335901
0.6,5,7.339913
0.1,10,7.346912
0.7,4,7.349912
1.0,1,7.349912
1.0,1,7.349912
-0.1,12,7.359899
0.4,7,7.364942
0.2,9,7.370902
-0.2,13,7.380902
0.8,3,7.382901
0.7,4,7.385902
1.0,1,7.387902
0.7,4,7.389902
1.0,1,7.390902
0.6,5,7.392902
0.6,5,7.395902
1.0,1,7.397902
0.3,8,7.403912
0.7,4,7.407909
0.2,9,7.415944
1.0,1,7.415944
0.5,6,7.423388
0.1,10,7.429387
0.2,9,7.437388
1.0,1,7.439388
-0.1,12,7.447388
0.9,2,7.448388
1.0,1,7.448388
-0.2,13,7.45736
0.5,6,7.46435
-0.1,12,7.47235
0.9,2,7.475351
1.0,1,7.475351
0.9,2,7.47635
0.1,10,7.486352
0.1,10,7.494353
0.9,2,7.496388
1.0,1,7.496388
1.0,1,7.496388
-0.2,13,7.508427
1.0,1,7.508427
0.1,10,7.515427
-0.1,12,7.523898
0.0,11,7.532933
0.5,6,7.537933
-0.2,13,7.546896
0.4,7,7.552897
0.9,2,7.552897
0.1,10,7.561904
0.9,2,7.564906
0.9,2,7.566907
0.7,4,7.569906
0.6,5,7.57294
0.0,11,7.582896
0.6,5,7.5869
0.7,4,7.589909
0.9,2,7.590906
-0.2,13,7.602896
1.0,1,7.602896
0.3,8,7.609919
0.7,4,7.61292
0.6,5,7.61492
0.6,5,7.617919
0.3,8,7.624306
0.8,3,7.628301
1.0,1,7.628301
0.9,2,7.631298
1.0,1,7.631298
-0.1,12,7.639337
0.4,7,7.646297
1.0,1,7.647297
0.0,11,7.656305
0.6,5,7.6603
1.0,1,7.6603
0.4,7,7.666297
0.5,6,7.671297
0.9,2,7.672297
0.8,3,7.674297
0.9,2,7.675297
0.5,6,7.682297
0.9,2,7.682297
0.1,10,7.691308
0.3,8,7.697308
0.9,2,7.697308
0.6,5,7.703334
1.0,1,7.703334
0.6,5,7.707299
0.9,2,7.7093
1.0,1,7.7103
1.0,1,7.712302
0.2,9,7.7183
0.0,11,7.725806
0.6,5,7.728805
1.0,1,7.730806
0.7,4,7.734815
0.9,2,7.734815
0.8,3,7.737843
0.8,3,7.740806
0.8,3,7.741806
0.5,6,7.748843
1.0,1,7.748843
0.8,3,7.751842
0.3,8,7.755805
0.3,8,7.760806
0.8,3,7.763809
0.6,5,7.767811
0.2,9,7.774849
0.7,4,7.777808
0.3,8,7.782817
0.2,9,7.789816
-0.1,12,7.798817
0.3,8,7.805843
-0.2,13,7.815858
0.5,6,7.818855
0.7,4,7.821368
-0.1,12,7.828381
0.7,4,7.83138
1.0,1,7.83238
0.6,5,7.836381
0.7,4,7.841382
-0.3,14,7.852408
0.9,2,7.854409
1.0,1,7.855408
0.4,7,7.86138
0.7,4,7.864382
0.9,2,7.865381
0.4,7,7.870401
0.6,5,7.874373
0.2,9,7.879371
0.5,6,7.885372
0.9,2,7.886371
-0.1,12,7.895408
0.9,2,7.898384
1.0,1,7.898384
0.3,8,7.905381
0.9,2,7.90842
0.6,5,7.91142
1.0,1,7.912392
1.0,1,7.912392
0.8,3,7.917397
0.8,3,7.919397
1.0,1,7.920912
0.9,2,7.924918
0.8,3,7.925919
0.4,7,7.931925
0.7,4,7.934953
-0.3,14,7.945958
0.8,3,7.946918
0.7,4,7.94996
0.9,2,7.954925
0.4,7,7.960925
0.5,6,7.963925
1.0,1,7.963925
0.5,6,7.970924
0.9,2,7.970924
0.9,2,7.973954
0.9,2,7.97493
0.8,3,7.978919
0.7,4,7.981929
0.7,4,7.986917
0.8,3,7.989927
0.5,6,7.992924
0.7,4,7.994925
0.8,3,7.997926
0.2,9,8.004926
1.0,1,8.00794
0.7,4,8.010931
0.3,8,8.017935
1.0,1,8.017935
0.6,5,8.022544
0.5,6,8.027544
0.1,10,8.033513
0.5,6,8.040512
0.5,6,8.043511
0.7,4,8.046547
1.0,1,8.046547
0.5,6,8.051549
0.2,9,8.057545
0.0,11,8.064512
1.0,1,8.067513
0.5,6,8.071512
0.3,8,8.076512
-0.6,17,8.088515
0.4,7,8.094512
0.2,9,8.099512
0.8,3,8.10254
0.4,7,8.105546
-0.3,14,8.11859
-0.1,12,8.127151
0.6,5,8.132123
0.6,5,8.135123
0.9,2,8.137123
1.0,1,8.137123
1.0,1,8.138123
0.6,5,8.142123
1.0,1,8.143123
0.5,6,8.148141
1.0,1,8.151122
0.7,4,8.15412
1.0,1,8.156123
0.7,4,8.159123
0.9,2,8.160125
1.0,1,8.163123
0.2,9,8.171123
0.8,3,8.174123
0.5,6,8.177123
-0.5,16,8.187123
0.2,9,8.193158
0.4,7,8.19915
1.0,1,8.201122
0.8,3,8.204123
0.3,8,8.210133
1.0,1,8.211129
0.2,9,8.219127
0.5,6,8.22163
0.5,6,8.227633
1.0,1,8.227633
0.9,2,8.228633
0.3,8,8.234633
1.0,1,8.238636
0.7,4,8.240633
0.3,8,8.245633
1.0,1,8.246633
0.1,10,8.251634
0.3,8,8.258634
0.4,7,8.265633
-0.1,12,8.274634
0.9,2,8.277634
0.9,2,8.278634
0.8,3,8.282639
0.3,8,8.289634
0.2,9,8.29564
0.7,4,8.299634
0.7,4,8.303634
0.9,2,8.306637
0.9,2,8.307637
0.5,6,8.312667
0.7,4,8.315639
0.7,4,8.319668
0.8,3,8.322207
0.7,4,8.325206
1.0,1,8.327207
1.0,1,8.327207
1.0,1,8.328206
0.9,2,8.330207
0.7,4,8.333206
0.6,5,8.338181
0.8,3,8.340181
0.4,7,8.344177
1.0,1,8.348177
1.0,1,8.348177
0.7,4,8.352207
-0.1,12,8.360206
1.0,1,8.360206
0.0,11,8.368179
0.2,9,8.375181
0.5,6,8.381175
0.4,7,8.385212
0.8,3,8.388211
0.5,6,8.394178
0.4,7,8.399181
1.0,1,8.401179
-0.1,12,8.410218
0.4,7,8.414217
0.6,5,8.419187
-0.1,12,8.427787
0.8,3,8.428786
0.5,6,8.433756
0.3,8,8.438756
0.7,4,8.442757
0.8,3,8.44676
0.8,3,8.448759
0.8,3,8.451794
0.9,2,8.454764
1.0,1,8.454764
0.7,4,8.457788
0.4,7,8.463793
0.5,6,8.4668
-0.8,19,8.480758
1.0,1,8.48276
0.6,5,8.485759
0.1,10,8.493759
0.7,4,8.498757
0.9,2,8.498757
0.7,4,8.502758
0.9,2,8.504756
0.8,3,8.508761
0.5,6,8.51276
0.5,6,8.517761
0.3,8,8.525273
-0.5,16,8.540301
0.5,6,8.543273
0.9,2,8.545274
0.2,9,8.550273
0.1,10,8.555274
0.8,3,8.558301
1.0,1,8.558301
0.5,6,8.564301
0.5,6,8.5683
0.4,7,8.57527
0.3,8,8.58127
0.0,11,8.588271
1.0,1,8.589275
0.4,7,8.59627
0.8,3,8.599271
1.0,1,8.599271
0.4,7,8.605273
0.7,4,8.608279
1.0,1,8.609279
0.8,3,8.613276
0.3,8,8.619276
0.8,3,8.620281
1.0,1,8.622875
0.1,10,8.627875
0.7,4,8.632846
1.0,1,8.632846
-0.4,15,8.644875
0.5,6,8.648875
0.7,4,8.652848
0.9,2,8.654847
0.1,10,8.661848
0.9,2,8.662848
0.2,9,8.669848
1.0,1,8.672845
0.5,6,8.675845
0.5,6,8.680848
1.0,1,8.680848
0.7,4,8.684875
0.8,3,8.686876
0.2,9,8.694847
1.0,1,8.694847
0.6,5,8.698848
0.3,8,8.706863
0.3,8,8.712896
1.0,1,8.714863
0.6,5,8.719863
0.6,5,8.722373
0.5,6,8.728373
0.6,5,8.7314
0.5,6,8.736373
0.6,5,8.741373
0.7,4,8.743373
1.0,1,8.744373
0.4,7,8.751401
0.7,4,8.7554
0.9,2,8.756402
1.0,1,8.756402
0.8,3,8.759373
0.8,3,8.761401
0.8,3,8.766372
0.4,7,8.769372
0.7,4,8.772372
0.9,2,8.774374
0.9,2,8.775373
1.0,1,8.776373
0.2,9,8.785373
1.0,1,8.785373
0.6,5,8.789373
0.9,2,8.791373
0.7,4,8.796373
0.6,5,8.799373
0.7,4,8.802373
0.7,4,8.804373
0.3,8,8.811379
0.5,6,8.818382
1.0,1,8.818382
1.0,1,8.818382
0.1,10,8.825706
1.0,1,8.826706
0.7,4,8.831704
1.0,1,8.832704
0.9,2,8.834704
1.0,1,8.835704
0.8,3,8.837704
1.0,1,8.838704
0.3,8,8.84571
1.0,1,8.84671
0.7,4,8.84871
0.6,5,8.852706
1.0,1,8.856706
0.7,4,8.859704
0.7,4,8.862705
0.9,2,8.862705
0.5,6,8.867704
0.4,7,8.870705
1.0,1,8.873707
-0.1,12,8.883704
0.1,10,8.889707
0.5,6,8.894707
0.5,6,8.899706
0.6,5,8.902706
1.0,1,8.905712
-0.4,15,8.917753
0.8,3,8.921224
1.0,1,8.921224
0.7,4,8.92523
0.5,6,8.931258
1.0,1,8.932258
1.0,1,8.932258
0.8,3,8.937231
0.7,4,8.939233
0.2,9,8.94423
1.0,1,8.946231
0.8,3,8.947231
0.4,7,8.95223
0.9,2,8.956232
1.0,1,8.957232
-0.2,13,8.96623
0.9,2,8.969259
0.5,6,8.974258
0.7,4,8.977258
0.8,3,8.980259
0.9,2,8.980259
0.3,8,8.987258
0.9,2,8.991265
0.6,5,8.994265
0.7,4,8.998258
0.8,3,9.000227
0.2,9,9.007231
0.3,8,9.01423
0.7,4,9.019262
0.9,2,9.021796
0.2,9,9.027805
0.7,4,9.031802
0.8,3,9.034802
0.5,6,9.038802
0.8,3,9.0418
1.0,1,9.0418
0.8,3,9.0448
0.8,3,9.049799
0.8,3,9.050799
0.9,2,9.052799
0.5,6,9.0568
0.3,8,9.063802
0.3,8,9.07181
0.8,3,9.075829
1.0,1,9.075829
0.4,7,9.081799
0.8,3,9.0848
0.6,5,9.089799
0.5,6,9.095801
0.9,2,9.096801
0.6,5,9.100802
0.3,8,9.106805
0.1,10,9.114805
1.0,1,9.114805
0.7,4,9.117806
0.8,3,9.121312
0.7,4,9.124319
0.5,6,9.129318
0.4,7,9.135318
0.3,8,9.140318
0.1,10,9.150318
0.1,10,9.158319
0.9,2,9.161319
1.0,1,9.161319
-0.6,17,9.171346
0.5,6,9.177346
0.9,2,9.17835
1.0,1,9.180316
1.0,1,9.183318
0.9,2,9.183318
0.3,8,9.189322
1.0,1,9.190318
1.0,1,9.192347
0.5,6,9.196346
1.0,1,9.197347
0.0,11,9.207319
1.0,1,9.207319
0.9,2,9.212319
0.3,8,9.217319
0.8,3,9.219319
1.0,1,9.220319
0.5,6,9.224835
0.6,5,9.230859
0.6,5,9.235831
0.8,3,9.238832
-0.2,13,9.247832
0.3,8,9.253833
0.9,2,9.255837
0.8,3,9.258831
0.6,5,9.261831
0.7,4,9.263832
0.8,3,9.266832
1.0,1,9.266832
0.6,5,9.275831
0.6,5,9.279835
1.0,1,9.280835
0.1,10,9.289859
0.5,6,9.294859
0.5,6,9.300833
0.9,2,9.301832
0.3,8,9.306893
0.7,4,9.310871
0.1,10,9.319897
0.9,2,9.321436
1.0,1,9.321436
0.8,3,9.324471
0.3,8,9.331476
0.4,7,9.33844
0.1,10,9.343441
0.6,5,9.349444
0.1,10,9.356441
0.9,2,9.359478
0.8,3,9.360478
0.6,5,9.365442
0.7,4,9.368443
0.9,2,9.369442
1.0,1,9.370443
1.0,1,9.374443
0.8,3,9.374443
0.7,4,9.377443
1.0,1,9.379443
0.6,5,9.383442
0.9,2,9.384442
0.6,5,9.389442
0.7,4,9.392471
1.0,1,9.393476
1.0,1,9.393476
0.5,6,9.401443
0.9,2,9.402442
0.7,4,9.405443
0.9,2,9.408447
0.2,9,9.415448
0.3,8,9.421953
0.6,5,9.424959
0.5,6,9.430959
0.3,8,9.43696
0.9,2,9.43696
1.0,1,9.438958
1.0,1,9.440957
0.8,3,9.441957
0.7,4,9.445992
-0.4,15,9.457994
0.4,7,9.464957
0.5,6,9.468993
0.5,6,9.474961
0.8,3,9.477959
0.3,8,9.48296
0.3,8,9.491959
0.3,8,9.49896
0.7,4,9.50196
0.8,3,9.502988
0.7,4,9.505987
-0.1,12,9.51602
0.8,3,9.51902
0.9,2,9.521553
0.6,5,9.524587
0.6,5,9.528588
0.2,9,9.53556
0.9,2,9.53856
0.9,2,9.539559
0.2,9,9.54956
1.0,1,9.550559
0.5,6,9.553589
0.7,4,9.556588
0.8,3,9.560558
1.0,1,9.560558
0.7,4,9.563559
1.0,1,9.567558
0.8,3,9.568559
0.8,3,9.571561
0.7,4,9.574561
-0.3,14,9.58456
0.9,2,9.58556
0.5,6,9.59056
0.4,7,9.595568
0.4,7,9.603558
1.0,1,9.603558
0.6,5,9.610565
0.8,3,9.611565
1.0,1,9.613564
-0.1,12,9.623
1.0,1,9.623996
0.5,6,9.627996
0.4,7,9.635025
0.5,6,9.639994
0.8,3,9.640994
0.9,2,9.643994
0.5,6,9.648996
1.0,1,9.651994
0.6,5,9.654995
0.9,2,9.654995
1.0,1,9.656995
0.5,6,9.659994
0.9,2,9.662996
0.8,3,9.663995
0.7,4,9.668
0.7,4,9.672025
0.5,6,9.678995
0.4,7,9.686996
0.8,3,9.687997
0.1,10,9.697998
1.0,1,9.698998
0.0,11,9.710029
0.4,7,9.714999
0.4,7,9.718999
1.0,1,9.719999
1.0,1,9.721503
0.2,9,9.729509
0.6,5,9.73251
0.5,6,9.73751
0.7,4,9.740508
0.7,4,9.743511
1.0,1,9.744511
1.0,1,9.744511
0.0,11,9.755508
0.6,5,9.759509
0.8,3,9.762543
1.0,1,9.764512
1.0,1,9.766509
1.0,1,9.766509
0.6,5,9.76951
0.6,5,9.77351
0.4,7,9.78051
-0.1,12,9.78951
1.0,1,9.79051
0.5,6,9.79651
0.9,2,9.79651
1.0,1,9.800511
0.9,2,9.801511
0.8,3,9.80351
0.7,4,9.807516
0.4,7,9.815515
0.8,3,9.816514
1.0,1,9.818513
-0.2,13,9.827627
0.4,7,9.833628
0.8,3,9.834627
0.8,3,9.838665
0.2,9,9.844669
1.0,1,9.846663
0.5,6,9.849629
-0.2,13,9.859628
1.0,1,9.861629
0.5,6,9.864631
0.5,6,9.870645
0.9,2,9.871628
0.8,3,9.874627
0.9,2,9.876629
0.7,4,9.879628
0.9,2,9.881628
1.0,1,9.882627
0.7,4,9.884628
0.9,2,9.887631
0.6,5,9.892632
0.7,4,9.89563
0.9,2,9.89563
0.6,5,9.900657
0.6,5,9.90663
0.8,3,9.909635
0.5,6,9.913634
1.0,1,9.913634
1.0,1,9.916634
1.0,1,9.916634
0.5,6,9.920674
0.4,7,9.926205
1.0,1,9.927207
1.0,1,9.930241
1.0,1,9.932234
0.3,8,9.938204
1.0,1,9.939204
0.5,6,9.944204
0.8,3,9.945204
0.5,6,9.950234
1.0,1,9.950234
0.4,7,9.957204
0.3,8,9.964205
0.8,3,9.967204
0.0,11,9.975204
1.0,1,9.977202
0.2,9,9.984216
1.0,1,9.985206
0.5,6,9.990204
0.7,4,9.993202
1.0,1,9.994202
0.7,4,9.997204
0.7,4,10.000204
0.3,8,10.006205
0.4,7,10.013211
0.5,6,10.018212
0.8,3,10.02021
0.6,5,10.023729
0.7,4,10.026723
0.9,2,10.028723
0.9,2,10.029723
0.4,7,10.035723
0.7,4,10.038723
0.5,6,10.042723
0.2,9,10.05372
0.9,2,10.05472
0.6,5,10.05772
0.2,9,10.066727
0.9,2,10.067723
1.0,1,10.068751
0.9,2,10.07075
0.3,8,10.075723
0.3,8,10.081757
0.7,4,10.084751
0.9,2,10.087751
1.0,1,10.089751
0.7,4,10.092727
1.0,1,10.093725
0.3,8,10.098751
0.8,3,10.102755
0.5,6,10.10773
0.8,3,10.110759
0.7,4,10.112759
0.8,3,10.115758
0.7,4,10.121759
1.0,1,10.122294
0.8,3,10.125329
0.6,5,10.130303
1.0,1,10.130303
0.7,4,10.134299
0.4,7,10.1403
0.9,2,10.141299
1.0,1,10.144308
0.1,10,10.1513
0.7,4,10.156328
0.9,2,10.158329
0.7,4,10.161328
0.5,6,10.165333
0.7,4,10.167334
1.0,1,10.168343
0.6,5,10.173302
0.9,2,10.174302
0.4,7,10.180298
0.9,2,10.181298
0.5,6,10.190301
0.8,3,10.194299
0.9,2,10.194299
0.7,4,10.199328
-0.3,14,10.214306
0.9,2,10.214306
0.6,5,10.218341
0.8,3,10.220336
0.7,4,10.223905
0.5,6,10.228904
0.8,3,10.231904
-0.5,16,10.245883
1.0,1,10.247877
0.5,6,10.250875
0.6,5,10.25491
0.1,10,10.263915
0.6,5,10.266904
0.8,3,10.268877
0.3,8,10.273877
0.6,5,10.276877
0.4,7,10.284877
0.8,3,10.289876
0.0,11,10.295909
1.0,1,10.297904
0.4,7,10.301911
0.9,2,10.304915
0.8,3,10.307928
1.0,1,10.308964
1.0,1,10.308964
0.4,7,10.315954
0.5,6,10.320926
0.8,3,10.323437
0.9,2,10.325437
0.5,6,10.328437
0.7,4,10.332439
0.2,9,10.339436
0.6,5,10.343473
0.6,5,10.347472
0.3,8,10.353437
0.0,11,10.361437
0.9,2,10.363436
1.0,1,10.364438
0.8,3,10.366437
1.0,1,10.367437
0.8,3,10.369437
0.4,7,10.374437
1.0,1,10.374437
0.6,5,10.377438
0.3,8,10.386445
1.0,1,10.388465
0.5,6,10.39444
0.3,8,10.39944
0.3,8,10.40544
0.9,2,10.408448
0.5,6,10.414446
0.9,2,10.416445
1.0,1,10.417446
0.9,2,10.417446
1.0,1,10.420445
0.8,3,10.421951
1.0,1,10.425958
0.6,5,10.429957
1.0,1,10.429957
1.0,1,10.430956
0.6,5,10.435957
0.5,6,10.439957
0.3,8,10.446959
0.5,6,10.452957
0.8,3,10.453958
1.0,1,10.455957
0.4,7,10.46296
1.0,1,10.46396
0.7,4,10.46696
0.7,4,10.46996
0.7,4,10.472957
0.5,6,10.478989
0.9,2,10.481956
0.8,3,10.482955
0.5,6,10.487954
0.5,6,10.491954
0.9,2,10.495956
0.3,8,10.500954
-0.1,12,10.513964
0.7,4,10.517998
1.0,1,10.517998
0.9,2,10.520963
1.0,1,10.520963
0.4,7,10.526466
0.6,5,10.529466
0.8,3,10.531466
0.1,10,10.539466
1.0,1,10.539466
0.3,8,10.545466
0.8,3,10.547467
1.0,1,10.547467
0.7,4,10.550466
0.3,8,10.557466
0.7,4,10.561497
0.8,3,10.563498
0.6,5,10.567497
1.0,1,10.571467
0.4,7,10.574466
0.2,9,10.581466
0.9,2,10.582467
0.6,5,10.58847
0.5,6,10.595466
1.0,1,10.595466
1.0,1,10.595466
1.0,1,10.598466
0.6,5,10.601468
0.9,2,10.60447
0.6,5,10.608474
0.9,2,10.609473
0.7,4,10.612473
0.5,6,10.619473
0.6,5,10.624017
0.7,4,10.627023
0.5,6,10.631016
1.0,1,10.632987
0.1,10,10.639016
0.8,3,10.643988
0.9,2,10.644988
1.0,1,10.647987
0.7,4,10.650986
0.5,6,10.654986
0.5,6,10.661016
0.6,5,10.664988
0.5,6,10.667988
0.9,2,10.669989
-0.1,12,10.677988
0.7,4,10.684016
0.5,6,10.687015
0.4,7,10.692016
0.5,6,10.700016
0.4,7,10.703988
0.9,2,10.707016
0.7,4,10.710048
0.5,6,10.713049
1.0,1,10.715049
0.4,7,10.719049
0.6,5,10.726605
0.6,5,10.728605
0.8,3,10.731603
0.9,2,10.731603
0.5,6,10.736605
0.2,9,10.742637
0.5,6,10.746603
0.9,2,10.7506
0.6,5,10.753604
1.0,1,10.754605
0.6,5,10.760601
1.0,1,10.7616
0.3,8,10.767601
0.8,3,10.7706
1.0,1,10.7706
0.2,9,10.778636
0.7,4,10.782637
0.6,5,10.786638
0.6,5,10.791603
0.2,9,10.796603
0.5,6,10.802603
0.8,3,10.805605
0.5,6,10.812607
0.8,3,10.813608
1.0,1,10.815644
0.7,4,10.817641
0.7,4,10.820642
0.7,4,10.82419
0.0,11,10.831194
0.9,2,10.833193
0.9,2,10.836154
0.6,5,10.841154
0.7,4,10.844154
0.6,5,10.848154
0.6,5,10.852157
0.9,2,10.855156
1.0,1,10.856155
0.8,3,10.859184
1.0,1,10.860182
0.9,2,10.860182
1.0,1,10.865154
0.4,7,10.868154
0.4,7,10.873154
0.9,2,10.875154
0.8,3,10.876154
0.5,6,10.882157
0.5,6,10.887152
0.9,2,10.890151
0.5,6,10.894151
0.5,6,10.900154
0.6,5,10.906151
0.9,2,10.908155
0.8,3,10.909155
1.0,1,10.910155
0.7,4,10.914158
0.4,7,10.919157
-0.2,13,10.930667
0.6,5,10.933668
0.6,5,10.936667
0.6,5,10.939667
0.4,7,10.947666
0.7,4,10.950666
0.8,3,10.952667
0.3,8,10.957666
0.5,6,10.96167
0.7,4,10.965696
0.4,7,10.973697
0.1,10,10.982697
1.0,1,10.983698
0.8,3,10.986696
1.0,1,10.988672
0.4,7,10.994669
0.9,2,10.995686
0.3,8,11.002668
0.6,5,11.005666
0.8,3,11.00867
0.0,11,11.018672
0.8,3,11.020671
0.4,7,11.025183
1.0,1,11.02721
1.0,1,11.030181
0.9,2,11.030181
1.0,1,11.03221
0.6,5,11.036209
0.9,2,11.036209
0.3,8,11.044181
1.0,1,11.047183
0.8,3,11.048182
0.6,5,11.053179
0.8,3,11.054179
0.9,2,11.059182
0.6,5,11.062182
1.0,1,11.062182
0.4,7,11.067182
0.7,4,11.070182
0.5,6,11.077182
0.3,8,11.085217
0.6,5,11.089185
0.9,2,11.090185
1.0,1,11.091185
0.6,5,11.097182
1.0,1,11.097182
1.0,1,11.097182
1.0,1,11.099182
0.6,5,11.102182
1.0,1,11.102182
0.6,5,11.108195
0.7,4,11.112189
1.0,1,11.114192
0.5,6,11.117225
0.6,5,11.122697
0.2,9,11.129704
0.7,4,11.132703
1.0,1,11.132703
0.8,3,11.135706
0.1,10,11.143701
1.0,1,11.1447
1.0,1,11.146701
0.5,6,11.150732
0.9,2,11.152731
0.5,6,11.158731
0.7,4,11.161731
0.5,6,11.166705
0.8,3,11.168705
0.7,4,11.1727
1.0,1,11.174701
0.0,11,11.180704
0.3,8,11.186703
0.5,6,11.191704
1.0,1,11.191704
0.3,8,11.200704
1.0,1,11.200704
0.9,2,11.20371
0.9,2,11.204708
0.6,5,11.209711
0.6,5,11.212746
0.9,2,11.213743
1.0,1,11.215743
0.7,4,11.218738
1.0,1,11.218738
0.6,5,11.224244
1.0,1,11.224244
0.8,3,11.227244
0.6,5,11.230243
1.0,1,11.233243
0.5,6,11.237243
0.5,6,11.242242
0.7,4,11.246245
0.4,7,11.25124
0.3,8,11.25924
1.0,1,11.264241
0.9,2,11.265241
0.6,5,11.26827
0.5,6,11.273242
0.6,5,11.276269
0.9,2,11.280243
0.7,4,11.284241
0.3,8,11.291241
0.4,7,11.296244
0.9,2,11.298245
0.3,8,11.306269
0.5,6,11.309304
0.8,3,11.313273
0.6,5,11.318311
1.0,1,11.320314
0.9,2,11.321309
0.8,3,11.323891
1.0,1,11.323891
0.7,4,11.326855
0.5,6,11.331855
0.9,2,11.334855
0.8,3,11.336855
1.0,1,11.337855
0.6,5,11.340854
0.8,3,11.344857
0.7,4,11.347856
0.8,3,11.351858
0.7,4,11.355856
0.9,2,11.355856
0.7,4,11.359857
0.8,3,11.364892
0.6,5,11.368891
0.6,5,11.373859
0.6,5,11.377858
1.0,1,11.378857
0.6,5,11.382854
0.7,4,11.386858
0.8,3,11.389859
0.9,2,11.392859
1.0,1,11.39387
0.7,4,11.399864
0.9,2,11.400857
0.3,8,11.407867
0.7,4,11.411864
1.0,1,11.414862
0.5,6,11.417861
0.9,2,11.420892
1.0,1,11.420892
0.6,5,11.424403
0.9,2,11.427438
1.0,1,11.429406
0.8,3,11.432407
0.8,3,11.433407
0.9,2,11.435407
0.6,5,11.441406
0.4,7,11.446405
0.9,2,11.447446
1.0,1,11.449432
0.8,3,11.450405
0.9,2,11.453404
0.3,8,11.461405
0.9,2,11.461405
0.9,2,11.464404
0.4,7,11.470447
0.3,8,11.47741
0.6,5,11.483444
0.8,3,11.486436
0.9,2,11.487441
0.7,4,11.491408
1.0,1,11.492403
0.8,3,11.497409
0.6,5,11.501436
0.7,4,11.505435
1.0,1,11.508467
0.8,3,11.509438
1.0,1,11.511437
0.7,4,11.514437
0.7,4,11.517437
1.0,1,11.518436
0.6,5,11.520437
0.5,6,11.527946
0.2,9,11.535985
1.0,1,11.536985
1.0,1,11.536985
0.2,9,11.545977
0.4,7,11.550947
0.5,6,11.556949
0.5,6,11.560977
0.7,4,11.564949
0.6,5,11.569976
0.4,7,11.575952
1.0,1,11.577952
1.0,1,11.577952
0.9,2,11.578949
1.0,1,11.580949
0.8,3,11.581949
0.5,6,11.588966
0.7,4,11.591952
0.5,6,11.596949
0.6,5,11.601949
0.3,8,11.609983
1.0,1,11.609983
0.7,4,11.613982
0.7,4,11.617982
1.0,1,11.618982
0.3,8,11.626482
0.8,3,11.630479
0.8,3,11.632479
0.5,6,11.637481
1.0,1,11.638481
0.6,5,11.645481
0.9,2,11.646481
0.1,10,11.655481
0.8,3,11.657481
1.0,1,11.660482
0.7,4,11.665479
0.5,6,11.669509
1.0,1,11.669509
1.0,1,11.672509
0.5,6,11.676482
0.3,8,11.683481
1.0,1,11.684481
0.8,3,11.686481
0.5,6,11.693521
0.7,4,11.697481
0.8,3,11.69848
0.8,3,11.701478
0.6,5,11.705515
0.2,9,11.713547
0.9,2,11.71455
0.9,2,11.718515
0.9,2,11.719515
0.3,8,11.727029
0.8,3,11.730024
0.5,6,11.734024
0.9,2,11.737024
0.6,5,11.741024
0.7,4,11.743024
1.0,1,11.744023
0.7,4,11.747024
0.6,5,11.753024
0.4,7,11.759023
1.0,1,11.761028
1.0,1,11.762024
0.6,5,11.765023
0.7,4,11.768059
0.6,5,11.773027
0.9,2,11.777024
0.9,2,11.777024
1.0,1,11.779024
0.9,2,11.782059
0.8,3,11.784059
0.9,2,11.785054
0.2,9,11.792024
0.5,6,11.796024
1.0,1,11.796024
1.0,1,11.798024
0.6,5,11.802023
0.3,8,11.809031
0.5,6,11.813028
0.3,8,11.82106
0.7,4,11.824626
0.7,4,11.827627
0.5,6,11.833596
0.7,4,11.8376
0.0,11,11.847598
0.5,6,11.851597
0.7,4,11.854596
0.9,2,11.856598
0.8,3,11.857597
0.5,6,11.865599
1.0,1,11.865599
0.7,4,11.868599
0.9,2,11.871599
0.5,6,11.875599
1.0,1,11.875599
0.5,6,11.88263
0.7,4,11.886598
1.0,1,11.886598
0.1,10,11.894626
0.8,3,11.897597
0.5,6,11.902596
0.4,7,11.908599
0.4,7,11.912615
1.0,1,11.914599
0.6,5,11.918599
0.8,3,11.922634
0.6,5,11.926184
0.9,2,11.927185
0.5,6,11.933183
0.5,6,11.938181
0.8,3,11.941181
1.0,1,11.941181
0.5,6,11.947216
0.5,6,11.952184
0.5,6,11.959216
1.0,1,11.959216
0.5,6,11.964181
1.0,1,11.964181
0.8,3,11.967182
1.0,1,11.969185
0.6,5,11.972213
0.6,5,11.977184
0.9,2,11.980212
1.0,1,11.980212
0.7,4,11.984185
1.0,1,11.984185
1.0,1,11.986186
1.0,1,11.987184
0.8,3,11.990184
0.8,3,11.993184
0.1,10,12.003185
0.9,2,12.004184
1.0,1,12.007192
0.5,6,12.01224
0.9,2,12.014235
0.9,2,12.015233
0.9,2,12.017234
0.6,5,12.020228
1.0,1,12.021199
0.4,7,12.027707
1.0,1,12.028707
0.5,6,12.033707
0.6,5,12.037709
0.7,4,12.040743
1.0,1,12.040743
1.0,1,12.041743
0.5,6,12.047743
1.0,1,12.047743
1.0,1,12.047743
0.8,3,12.053737
0.5,6,12.058737
0.5,6,12.062737
0.9,2,12.064741
0.4,7,12.068709
0.7,4,12.072712
0.6,5,12.077707
0.7,4,12.08171
0.7,4,12.085708
0.3,8,12.091737
0.2,9,12.099709
0.8,3,12.103746
0.9,2,12.104743
0.9,2,12.108718
1.0,1,12.108718
0.9,2,12.109717
0.9,2,12.111717
0.7,4,12.114751
0.7,4,12.117714
0.6,5,12.121714
0.5,6,12.128222
1.0,1,12.129221
1.0,1,12.129221
1.0,1,12.129221
0.8,3,12.133227
0.4,7,12.140223
1.0,1,12.140223
1.0,1,12.140223
0.9,2,12.14326
0.8,3,12.145257
0.5,6,12.152227
0.6,5,12.155227
0.7,4,12.158227
0.6,5,12.162226
0.5,6,12.167224
0.7,4,12.171224
0.8,3,12.174224
0.8,3,12.177224
0.5,6,12.181287
0.8,3,12.183223
0.2,9,12.191221
1.0,1,12.191221
0.2,9,12.199252
0.7,4,12.202253
1.0,1,12.203252
0.4,7,12.209285
1.0,1,12.210285
0.4,7,12.215255
1.0,1,12.216255
-0.5,16,12.227768
0.8,3,12.231767
0.5,6,12.235766
0.7,4,12.237767
0.5,6,12.243769
1.0,1,12.243769
0.9,2,12.244769
0.9,2,12.248768
0.7,4,12.251768
0.6,5,12.254766
0.6,5,12.257766
0.2,9,12.267767
0.3,8,12.272767
0.7,4,12.276768
0.1,10,12.284769
1.0,1,12.285768
0.5,6,12.291767
0.9,2,12.291767
0.6,5,12.297766
0.2,9,12.304766
0.4,7,12.309775
0.7,4,12.314775
1.0,1,12.315776
0.6,5,12.318776
1.0,1,12.318776
0.1,10,12.327201
0.9,2,12.3282
0.2,9,12.338204
1.0,1,12.338204
0.6,5,12.342202
0.6,5,12.346237
0.2,9,12.356204
0.7,4,12.361202
0.5,6,12.366204
0.9,2,12.368203
0.9,2,12.369203
0.6,5,12.373203
0.8,3,12.376203
0.8,3,12.379203
1.0,1,12.380203
0.8,3,12.383203
1.0,1,12.385205
0.7,4,12.388231
0.7,4,12.392232
0.9,2,12.394231
0.9,2,12.395231
0.6,5,12.399231
1.0,1,12.401231
1.0,1,12.402231
0.6,5,12.407204
-0.4,15,12.41921
0.8,3,12.424722
0.8,3,12.425722
1.0,1,12.427723
0.9,2,12.428722
0.3,8,12.434725
0.9,2,12.438723
0.4,7,12.443722
0.3,8,12.450758
1.0,1,12.452752
0.5,6,12.456751
0.5,6,12.463723
0.8,3,12.464723
0.4,7,12.471751
1.0,1,12.471751
0.9,2,12.474723
0.6,5,12.47875
0.6,5,12.481724
0.7,4,12.484751
0.4,7,12.489752
0.7,4,12.49275
0.6,5,12.497751
0.5,6,12.502721
0.7,4,12.50572
0.6,5,12.508724
0.9,2,12.510724
0.4,7,12.515728
0.6,5,12.521755
0.4,7,12.526106
1.0,1,12.528106
0.2,9,12.535106
0.7,4,12.540107
0.8,3,12.542107
1.0,1,12.543106
0.8,3,12.54611
0.8,3,12.547107
0.6,5,12.555106
0.3,8,12.562105
0.5,6,12.566106
1.0,1,12.567105
0.9,2,12.569105
0.9,2,12.572108
0.9,2,12.574108
0.6,5,12.578107
0.7,4,12.583108
0.9,2,12.586106
0.3,8,12.595104
0.5,6,12.599103
0.4,7,12.605106
0.7,4,12.608112
0.5,6,12.613147
0.8,3,12.618112
0.9,2,12.620112
0.9,2,12.621112
0.5,6,12.627625
0.3,8,12.634626
0.6,5,12.637626
0.6,5,12.641625
0.9,2,12.644652
1.0,1,12.644652
0.5,6,12.647652
0.6,5,12.654623
0.6,5,12.659622
0.4,7,12.666651
1.0,1,12.666651
0.7,4,12.669651
0.9,2,12.670658
0.8,3,12.673626
0.7,4,12.677623
0.8,3,12.679622
0.9,2,12.680624
0.7,4,12.685622
0.7,4,12.688624
1.0,1,12.692624
0.6,5,12.696652
0.4,7,12.703652
1.0,1,12.704624
0.9,2,12.705656
0.9,2,12.707659
1.0,1,12.708702
1.0,1,12.708702
0.7,4,12.715692
1.0,1,12.717666
1.0,1,12.718666
0.3,8,12.725236
1.0,1,12.726234
1.0,1,12.726234
0.9,2,12.729234
0.8,3,12.732233
0.7,4,12.736233
0.9,2,12.737233
0.8,3,12.742233
1.0,1,12.742233
0.9,2,12.744234
0.5,6,12.748233
0.7,4,12.751233
0.5,6,12.757266
1.0,1,12.758267
0.6,5,12.762234
0.7,4,12.765232
0.7,4,12.768233
0.5,6,12.776233
0.5,6,12.779233
0.8,3,12.781234
0.5,6,12.786233
1.0,1,12.789231
1.0,1,12.789231
0.9,2,12.790231
0.8,3,12.793231
0.7,4,12.796261
0.5,6,12.802232
0.5,6,12.807231
0.3,8,12.813234
0.7,4,12.817242
1.0,1,12.817242
0.4,7,12.824779
0.5,6,12.830807
0.6,5,12.834807
0.9,2,12.835778
1.0,1,12.837807
1.0,1,12.837807
0.7,4,12.842777
0.8,3,12.845778
0.5,6,12.850778
0.6,5,12.854778
0.7,4,12.857806
0.6,5,12.863779
0.5,6,12.867812
0.7,4,12.870777
0.6,5,12.874775
1.0,1,12.876776
0.7,4,12.881806
1.0,1,12.882806
0.9,2,12.882806
0.7,4,12.885806
0.8,3,12.888806
0.6,5,12.891806
1.0,1,12.893807
1.0,1,12.893807
1.0,1,12.894793
0.8,3,12.898778
0.4,7,12.906806
1.0,1,12.906806
1.0,1,12.906806
1.0,1,12.907806
0.9,2,12.90984
0.4,7,12.917845
0.5,6,12.92184
0.3,8,12.927383
1.0,1,12.927383
0.8,3,12.930383
1.0,1,12.932386
0.3,8,12.938383
1.0,1,12.940384
0.3,8,12.946387
0.5,6,12.950386
0.7,4,12.953387
1.0,1,12.954415
0.5,6,12.959418
0.8,3,12.962414
0.9,2,12.962414
0.6,5,12.968386
0.5,6,12.973386
0.9,2,12.97439
0.3,8,12.980414
0.6,5,12.986419
0.5,6,12.991383
0.5,6,12.997386
0.6,5,13.000386
0.6,5,13.004386
0.7,4,13.007384
0.8,3,13.012389
0.9,2,13.01339
1.0,1,13.01539
0.6,5,13.018389
0.6,5,13.021389
1.0,1,13.021389
1.0,1,13.024919
0.9,2,13.025941
0.6,5,13.030909
0.7,4,13.034935
0.8,3,13.039934
1.0,1,13.039934
0.4,7,13.044934
1.0,1,13.045934
0.9,2,13.047935
0.8,3,13.050905
1.0,1,13.050905
0.5,6,13.054907
0.8,3,13.059911
0.6,5,13.062907
0.4,7,13.069909
0.5,6,13.074907
0.6,5,13.077907
0.6,5,13.080907
-0.1,12,13.090905
0.9,2,13.094951
1.0,1,13.095935
1.0,1,13.095935
0.8,3,13.098939
0.3,8,13.10594
0.9,2,13.107906
0.6,5,13.112915
1.0,1,13.113914
0.8,3,13.116911
0.7,4,13.119909
0.9,2,13.120914
0.9,2,13.124432
0.9,2,13.124432
0.8,3,13.127431
1.0,1,13.127431
0.8,3,13.13343
0.5,6,13.136432
0.9,2,13.138432
1.0,1,13.139432
0.5,6,13.144432
1.0,1,13.144432
0.3,8,13.152434
1.0,1,13.153434
0.9,2,13.158448
0.7,4,13.164433
0.8,3,13.168433
0.1,10,13.180433
0.4,7,13.191434
0.5,6,13.199433
0.8,3,13.203433
1.0,1,13.204433
1.0,1,13.205433
0.2,9,13.216438
0.5,6,13.22895
0.3,8,13.235949
0.7,4,13.240949
1.0,1,13.240949
0.6,5,13.246952
0.2,9,13.253952
0.9,2,13.253952
0.5,6,13.26195
0.7,4,13.26495
0.8,3,13.26898
0.9,2,13.26998
0.5,6,13.275955
1.0,1,13.277952
0.2,9,13.284981
1.0,1,13.284981
0.6,5,13.290953
0.6,5,13.294954
0.8,3,13.297953
0.7,4,13.300952
1.0,1,13.301951
0.7,4,13.304949
1.0,1,13.304949
0.7,4,13.309957
1.0,1,13.310957
0.6,5,13.315957
0.5,6,13.318957
0.9,2,13.32196
0.1,10,13.331472
0.8,3,13.334471
0.5,6,13.338471
0.5,6,13.344471
0.8,3,13.346472
0.9,2,13.348471
0.9,2,13.351472
0.3,8,13.358469
0.5,6,13.362469
1.0,1,13.362469
1.0,1,13.364469
0.8,3,13.365468
1.0,1,13.368472
0.6,5,13.373499
0.8,3,13.376499
0.9,2,13.379472
0.5,6,13.385472
-0.2,13,13.396471
0.9,2,13.396471
0.4,7,13.403472
0.9,2,13.407474
0.6,5,13.411518
0.5,6,13.415482
0.8,3,13.418482
0.7,4,13.421482
0.8,3,13.425993
0.7,4,13.428993
0.5,6,13.433993
1.0,1,13.436994
1.0,1,13.436994
0.4,7,13.442993
0.1,10,13.44899
0.7,4,13.45299
0.7,4,13.455991
0.9,2,13.45899
1.0,1,13.460991
1.0,1,13.460991
0.6,5,13.464989
0.4,7,13.47099
1.0,1,13.47099
0.4,7,13.47699
1.0,1,13.477989
0.5,6,13.485991
0.7,4,13.489007
0.7,4,13.491992
1.0,1,13.493994
0.9,2,13.496993
0.5,6,13.500992
0.7,4,13.503992
0.5,6,13.510997
0.8,3,13.511996
0.7,4,13.515994
0.6,5,13.521997
0.9,2,13.521997
0.8,3,13.525509
1.0,1,13.527509
0.6,5,13.531511
0.7,4,13.533511
0.9,2,13.536511
1.0,1,13.536511
1.0,1,13.536511
0.9,2,13.539511
1.0,1,13.539511
0.7,4,13.542508
0.6,5,13.548512
0.3,8,13.557508
0.4,7,13.564537
0.5,6,13.570509
0.0,11,13.578537
0.6,5,13.584509
0.9,2,13.585508
1.0,1,13.585508
0.8,3,13.589505
0.8,3,13.59251
0.9,2,13.593509
0.9,2,13.597509
0.4,7,13.602509
0.7,4,13.605509
-0.1,12,13.617513
1.0,1,13.617513
0.3,8,13.623076
0.7,4,13.626111
0.4,7,13.63108
0.9,2,13.63208
0.8,3,13.63508
0.9,2,13.637098
0.8,3,13.640083
0.5,6,13.645083
0.4,7,13.649083
0.6,5,13.654084
1.0,1,13.654084
1.0,1,13.655083
0.5,6,13.662084
0.9,2,13.663083
1.0,1,13.663083
0.9,2,13.66811
0.8,3,13.671081
1.0,1,13.671081
1.0,1,13.672081
0.6,5,13.67508
0.3,8,13.681082
0.6,5,13.687084
0.6,5,13.692084
0.6,5,13.695082
0.8,3,13.697083
0.5,6,13.703086
1.0,1,13.705086
0.6,5,13.708085
0.4,7,13.714094
0.5,6,13.718091
0.2,9,13.725595
-0.4,15,13.739627
1.0,1,13.739627
0.9,2,13.742626
0.3,8,13.748596
0.9,2,13.750596
0.9,2,13.752597
0.8,3,13.755596
0.2,9,13.760596
0.0,11,13.771626
0.7,4,13.775598
0.4,7,13.778597
0.6,5,13.784599
0.5,6,13.788599
0.8,3,13.790601
0.8,3,13.795599
1.0,1,13.795599
1.0,1,13.796598
0.7,4,13.799595
1.0,1,13.799595
0.8,3,13.801596
0.5,6,13.806595
1.0,1,13.807595
0.9,2,13.807595
0.3,8,13.815603
1.0,1,13.819603
0.7,4,13.824108
1.0,1,13.824108
1.0,1,13.824108
0.4,7,13.832109
1.0,1,13.833108
1.0,1,13.833108
0.4,7,13.83911
0.3,8,13.847125
1.0,1,13.84811
0.6,5,13.856112
0.7,4,13.859108
1.0,1,13.860112
0.9,2,13.861109
0.5,6,13.868108
0.4,7,13.874108
0.4,7,13.87811
0.6,5,13.883108
0.9,2,13.883108
0.9,2,13.88611
0.8,3,13.889111
1.0,1,13.891111
0.1,10,13.898109
0.9,2,13.900111
0.7,4,13.903111
0.4,7,13.907115
0.6,5,13.914119
0.5,6,13.919117
0.7,4,13.922115
0.9,2,13.924623
0.6,5,13.929625
0.5,6,13.933625
1.0,1,13.935626
1.0,1,13.935626
0.5,6,13.940627
0.2,9,13.950624
0.7,4,13.954626
0.8,3,13.955625
0.8,3,13.957624
0.9,2,13.959625
0.7,4,13.965628
0.7,4,13.969653
0.6,5,13.973627
0.7,4,13.977623
0.8,3,13.980623
0.5,6,13.983653
0.7,4,13.986626
0.9,2,13.989626
0.3,8,13.994625
0.8,3,13.995625
0.0,11,14.00663
0.4,7,14.013635
0.3,8,14.020638
0.5,6,14.024154
0.3,8,14.029154
0.6,5,14.034178
0.9,2,14.035187
0.8,3,14.03715
0.3,8,14.04318
0.5,6,14.046179
1.0,1,14.050152
1.0,1,14.051152
0.9,2,14.051152
0.4,7,14.057151
0.6,5,14.06015
1.0,1,14.062151
0.6,5,14.065151
0.7,4,14.06916
0.5,6,14.074152
0.6,5,14.079179
0.3,8,14.087148
0.6,5,14.090179
0.8,3,14.093179
0.7,4,14.096181
0.7,4,14.100168
0.9,2,14.101151
0.6,5,14.105151
0.9,2,14.107158
0.6,5,14.110157
0.8,3,14.112157
0.4,7,14.120157
0.6,5,14.123157
0.6,5,14.125669
0.7,4,14.128668
1.0,1,14.129673
-0.2,13,14.141697
0.7,4,14.144696
0.5,6,14.148669
0.5,6,14.155668
1.0,1,14.155668
0.6,5,14.160669
0.9,2,14.162697
0.8,3,14.163697
0.9,2,14.166696
0.5,6,14.169696
1.0,1,14.171696
0.9,2,14.172697
0.7,4,14.174696
0.8,3,14.178667
0.7,4,14.18167
1.0,1,14.183669
0.7,4,14.187668
1.0,1,14.187668
0.5,6,14.194668
1.0,1,14.195673
0.8,3,14.198674
1.0,1,14.199667
0.7,4,14.202666
0.4,7,14.207669
0.9,2,14.207669
0.5,6,14.217674
0.5,6,14.221672
0.9,2,14.224182
1.0,1,14.224182
1.0,1,14.225184
0.5,6,14.23218
0.1,10,14.239214
0.9,2,14.241178
0.8,3,14.244178
0.8,3,14.245178
0.7,4,14.250208
0.3,8,14.256183
0.5,6,14.26318
0.5,6,14.266178
0.3,8,14.272208
0.8,3,14.275217
0.0,11,14.283209
0.9,2,14.283209
0.5,6,14.289178
0.6,5,14.292177
0.8,3,14.297178
1.0,1,14.297178
1.0,1,14.298178
0.4,7,14.303178
0.7,4,14.307182
1.0,1,14.307182
0.8,3,14.311187
0.3,8,14.316187
0.8,3,14.318187
0.6,5,14.322188
0.6,5,14.326705
0.8,3,14.329706
0.7,4,14.332705
1.0,1,14.332705
0.9,2,14.334706
0.6,5,14.339706
1.0,1,14.339706
0.8,3,14.342708
0.6,5,14.346707
0.5,6,14.351736
0.8,3,14.356709
0.6,5,14.359736
0.8,3,14.362736
0.7,4,14.365738
0.6,5,14.371709
0.0,11,14.380708
0.9,2,14.380708
0.5,6,14.387708
0.7,4,14.390708
0.9,2,14.390708
0.6,5,14.395708
1.0,1,14.397708
0.6,5,14.402708
0.7,4,14.405709
1.0,1,14.40671
1.0,1,14.40671
0.7,4,14.409714
0.9,2,14.412714
0.6,5,14.415715
0.3,8,14.421714
0.7,4,14.426227
1.0,1,14.427227
0.9,2,14.429227
0.8,3,14.433227
0.8,3,14.435226
1.0,1,14.437225
0.5,6,14.441226
0.4,7,14.446225
0.6,5,14.450227
-1.1,22,14.46923
1.0,1,14.471227
0.4,7,14.476227
0.7,4,14.480228
0.9,2,14.480228
0.9,2,14.484237
0.9,2,14.485229
0.8,3,14.487229
1.0,1,14.488227
0.2,9,14.494225
1.0,1,14.497256
1.0,1,14.499229
0.5,6,14.503228
0.7,4,14.506227
1.0,1,14.507227
0.7,4,14.511236
0.6,5,14.516232
0.6,5,14.52023
1.0,1,14.52123
0.9,2,14.523232
1.0,1,14.524296
0.9,2,14.528268
0.3,8,14.534267
0.9,2,14.534267
0.7,4,14.537267
0.5,6,14.543272
0.9,2,14.544268
0.9,2,14.5473
1.0,1,14.5473
0.9,2,14.548296
0.8,3,14.551295
0.2,9,14.561268
-0.1,12,14.570265
0.7,4,14.573265
0.8,3,14.576268
0.5,6,14.582268
1.0,1,14.583267
-0.1,12,14.592268
0.6,5,14.595267
0.7,4,14.598268
0.2,9,14.604267
0.6,5,14.611269
0.3,8,14.618269
0.8,3,14.619269
0.4,7,14.626443
0.4,7,14.633435
0.7,4,14.637464
0.5,6,14.641438
0.7,4,14.644464
1.0,1,14.646464
0.4,7,14.649464
0.7,4,14.654436
0.6,5,14.660435
1.0,1,14.660435
0.5,6,14.664435
0.5,6,14.671439
1.0,1,14.671439
0.5,6,14.678434
0.5,6,14.682433
0.5,6,14.687464
1.0,1,14.687464
0.3,8,14.695463
0.6,5,14.698464
-0.1,12,14.709437
0.4,7,14.714437
0.8,3,14.717441
0.6,5,14.720442
0.9,2,14.72144
0.9,2,14.723947
0.4,7,14.728953
0.5,6,14.731954
0.8,3,14.736952
1.0,1,14.736952
0.3,8,14.742952
0.3,8,14.747953
1.0,1,14.748954
0.8,3,14.751962
0.4,7,14.758953
0.6,5,14.761981
0.3,8,14.768981
0.6,5,14.772981
0.6,5,14.778956
0.3,8,14.785956
0.4,7,14.790956
0.5,6,14.796954
0.8,3,14.799953
1.0,1,14.799953
0.3,8,14.806952
0.7,4,14.809958
0.0,11,14.816955
0.4,7,14.820955
0.8,3,14.825465
1.0,1,14.825465
0.8,3,14.828469
1.0,1,14.82947
0.5,6,14.834469
0.7,4,14.83747
0.9,2,14.83851
0.9,2,14.841501
1.0,1,14.842501
1.0,1,14.842501
0.4,7,14.850496
0.7,4,14.853496
0.1,10,14.862465
1.0,1,14.862465
0.5,6,14.868467
0.8,3,14.871469
0.8,3,14.874497
0.3,8,14.88147
0.5,6,14.885469
0.4,7,14.891468
0.9,2,14.895466
0.3,8,14.901465
0.8,3,14.902465
0.5,6,14.907465
1.0,1,14.907465
0.4,7,14.915478
1.0,1,14.916478
1.0,1,14.916478
0.5,6,14.921478
0.2,9,14.927988
1.0,1,14.92999
1.0,1,14.932988
1.0,1,14.932988
0.7,4,14.935987
1.0,1,14.935987
0.7,4,14.938987
0.5,6,14.945021
0.6,5,14.950021
1.0,1,14.951024
0.9,2,14.953016
0.9,2,14.956024
0.3,8,14.963027
0.6,5,14.966021
0.0,11,14.976991
1.0,1,14.978004
0.9,2,14.980988
0.9,2,14.981988
0.5,6,14.987988
0.5,6,14.991987
0.5,6,14.997988
0.5,6,15.004017
0.8,3,15.006016
0.7,4,15.00906
0.4,7,15.015068
0.7,4,15.018056
0.9,2,15.019056
0.9,2,15.022035
0.7,4,15.025577
0.8,3,15.028577
0.9,2,15.029575
1.0,1,15.031603
0.8,3,15.034603
0.8,3,15.037573
0.7,4,15.039574
1.0,1,15.040572
1.0,1,15.040572
1.0,1,15.042573
0.6,5,15.045573
0.6,5,15.048573
1.0,1,15.048573
1.0,1,15.053573
0.5,6,15.056573
0.1,10,15.065577
1.0,1,15.066576
1.0,1,15.066576
1.0,1,15.067575
0.1,10,15.077572
0.6,5,15.080583
0.5,6,15.086577
0.9,2,15.087576
0.6,5,15.093576
0.3,8,15.098574
0.8,3,15.102577
0.2,9,15.109583
0.4,7,15.114616
1.0,1,15.115619
0.1,10,15.124165
0.9,2,15.124165
0.8,3,15.127205
1.0,1,15.127205
1.0,1,15.131174
0.5,6,15.135172
0.9,2,15.137171
0.8,3,15.13817
1.0,1,15.140171
0.7,4,15.14317
0.7,4,15.145172
0.5,6,15.150169
0.7,4,15.154168
0.8,3,15.157199
0.6,5,15.163171
0.5,6,15.168169
0.8,3,15.169169
0.5,6,15.174168
0.8,3,15.177168
0.7,4,15.18017
1.0,1,15.181176
0.7,4,15.18517
0.6,5,15.189171
0.1,10,15.198205
0.9,2,15.200174
0.6,5,15.204208
1.0,1,15.206207
1.0,1,15.206207
0.4,7,15.212233
0.3,8,15.218202
1.0,1,15.219206
1.0,1,15.219206
0.6,5,15.224714
0.9,2,15.227712
1.0,1,15.229712
0.8,3,15.232715
0.7,4,15.235714
1.0,1,15.235714
1.0,1,15.235714
0.7,4,15.238715
0.8,3,15.241714
1.0,1,15.241714
-0.1,12,15.252717
0.8,3,15.255717
0.9,2,15.260712
0.5,6,15.263711
0.5,6,15.268714
-0.2,13,15.280714
1.0,1,15.280714
0.9,2,15.283711
1.0,1,15.284711
0.7,4,15.287757
0.3,8,15.293714
0.8,3,15.295714
0.5,6,15.301714
0.5,6,15.308715
1.0,1,15.309725
0.1,10,15.315722
0.4,7,15.322754
1.0,1,15.322754
1.0,1,15.325333
0.9,2,15.326333
0.8,3,15.328333
0.5,6,15.333333
0.5,6,15.340333
1.0,1,15.341333
-0.4,15,15.356301
1.0,1,15.356301
1.0,1,15.357303
0.7,4,15.361304
0.7,4,15.364334
0.3,8,15.370304
0.8,3,15.373304
1.0,1,15.373304
0.9,2,15.3773
0.3,8,15.385301
0.5,6,15.389337
0.7,4,15.392302
0.9,2,15.3943
0.7,4,15.3973
0.1,10,15.403329
0.8,3,15.406328
0.7,4,15.408329
0.3,8,15.415362
0.2,9,15.422365
0.1,10,15.431908
0.7,4,15.435906
0.0,11,15.444902
0.6,5,15.448939
0.5,6,15.452905
0.0,11,15.460903
0.7,4,15.462903
0.9,2,15.465902
0.7,4,15.467903
0.7,4,15.472903
0.7,4,15.475902
1.0,1,15.475902
0.9,2,15.476909
0.5,6,15.484905
0.3,8,15.49194
0.8,3,15.493902
-0.1,12,15.501902
1.0,1,15.502903
0.4,7,15.507902
0.7,4,15.512968
0.5,6,15.516973
0.9,2,15.519975
1.0,1,15.519975
0.9,2,15.520974
-0.3,14,15.533496
0.6,5,15.536496
0.9,2,15.539526
0.9,2,15.540534
0.6,5,15.544532
0.4,7,15.551526
0.9,2,15.55353
0.3,8,15.5605
0.9,2,15.561499
0.3,8,15.567497
0.9,2,15.569496
0.7,4,15.573501
0.7,4,15.576501
0.6,5,15.580498
0.9,2,15.580498
0.5,6,15.588498
1.0,1,15.589534
0.4,7,15.596531
0.8,3,15.599497
0.6,5,15.603531
1.0,1,15.603531
1.0,1,15.603531
0.4,7,15.609572
0.9,2,15.61157
1.0,1,15.61157
0.5,6,15.61757
0.9,2,15.620537
0.5,6,15.626104
0.6,5,15.632104
0.7,4,15.636078
0.7,4,15.639076
0.8,3,15.641077
0.6,5,15.647076
0.5,6,15.652112
1.0,1,15.652112
1.0,1,15.657109
0.9,2,15.658108
0.7,4,15.661104
0.8,3,15.664111
0.6,5,15.669076
0.8,3,15.673104
0.6,5,15.677076
0.7,4,15.680074
1.0,1,15.681073
0.5,6,15.686074
0.6,5,15.692074
0.3,8,15.697074
0.6,5,15.702075
1.0,1,15.705076
0.5,6,15.709077
0.3,8,15.715125
0.7,4,15.71811
0.9,2,15.72011
0.8,3,15.721082
0.8,3,15.724082
0.9,2,15.727454
0.5,6,15.732458
0.5,6,15.739453
0.7,4,15.743487
0.9,2,15.743487
1.0,1,15.744487
0.8,3,15.747453
-0.1,12,15.755453
0.6,5,15.758452
0.5,6,15.763481
0.9,2,15.766453
0.5,6,15.771481
0.5,6,15.774481
0.1,10,15.784454
0.6,5,15.787454
0.8,3,15.790452
0.7,4,15.793453
0.2,9,15.799449
0.3,8,15.80445
0.5,6,15.809453
0.5,6,15.815456
0.6,5,15.818456
0.5,6,15.822456
0.7,4,15.826969
0.6,5,15.830966
0.7,4,15.833966
0.9,2,15.836968
0.3,8,15.842968
1.0,1,15.842968
0.8,3,15.845967
0.5,6,15.850968
0.9,2,15.852968
0.8,3,15.853967
0.1,10,15.862995
0.8,3,15.867966
0.7,4,15.870996
0.5,6,15.874967
0.6,5,15.878965
1.0,1,15.880965
0.5,6,15.884965
0.5,6,15.892964
0.7,4,15.895965
0.9,2,15.896965
0.3,8,15.902964
0.7,4,15.906967
0.6,5,15.910989
0.9,2,15.915025
0.9,2,15.915025
0.5,6,15.920989
0.6,5,15.924503
0.3,8,15.932508
0.7,4,15.935508
0.4,7,15.943506
0.8,3,15.945507
0.9,2,15.946506
0.7,4,15.949506
0.9,2,15.951507
0.9,2,15.952506
0.4,7,15.957509
0.5,6,15.961509
0.6,5,15.967509
0.7,4,15.972508
0.6,5,15.97651
0.1,10,15.983509
0.3,8,15.988508
-0.1,12,15.996506
1.0,1,15.998506
0.9,2,15.999506
0.6,5,16.00251
0.9,2,16.004509
0.6,5,16.009515
0.3,8,16.015514
0.6,5,16.019516
1.0,1,16.021517
0.8,3,16.022515
0.7,4,16.027026
0.5,6,16.032029
0.5,6,16.037035
0.5,6,16.042029
0.9,2,16.043029
0.3,8,16.051027
0.6,5,16.057026
0.6,5,16.060026
0.4,7,16.06703
0.8,3,16.068031
1.0,1,16.071029
0.9,2,16.072029
0.9,2,16.075029
0.8,3,16.076028
0.5,6,16.083026
1.0,1,16.085027
0.6,5,16.088027
0.5,6,16.093062
1.0,1,16.093062
0.9,2,16.096029
0.7,4,16.100031
1.0,1,16.100031
0.5,6,16.104057
1.0,1,16.106057
-0.4,15,16.116062
0.3,8,16.124061
0.8,3,16.125573
1.0,1,16.126572
1.0,1,16.129575
1.0,1,16.130603
1.0,1,16.130603
0.4,7,16.137573
0.7,4,16.141572
0.6,5,16.145572
0.8,3,16.148573
0.6,5,16.153572
0.9,2,16.155573
1.0,1,16.155573
1.0,1,16.156573
1.0,1,16.156573
0.5,6,16.164573
0.7,4,16.167572
1.0,1,16.167572
0.4,7,16.173572
0.7,4,16.176607
0.5,6,16.181572
0.6,5,16.186573
0.7,4,16.189572
0.8,3,16.190573
0.9,2,16.194571
1.0,1,16.194571
0.7,4,16.199601
0.6,5,16.203601
1.0,1,16.20557
0.5,6,16.209635
1.0,1,16.211608
0.6,5,16.216607
0.7,4,16.219606
0.9,2,16.220607
1.0,1,16.220607
0.6,5,16.228122
0.6,5,16.232121
0.4,7,16.23815
0.7,4,16.24115
0.4,7,16.245152
0.6,5,16.25212
0.8,3,16.253119
0.3,8,16.260123
-0.3,14,16.272151
0.9,2,16.272151
0.9,2,16.275155
1.0,1,16.275155
0.8,3,16.27815
1.0,1,16.27915
0.8,3,16.28115
0.8,3,16.28615
0.9,2,16.287122
0.5,6,16.29315
0.8,3,16.294122
0.0,11,16.305153
1.0,1,16.306122
0.6,5,16.311132
0.3,8,16.317127
0.9,2,16.318127
0.5,6,16.32313
0.5,6,16.328617
0.6,5,16.331619
1.0,1,16.333619
0.4,7,16.338617
0.5,6,16.344617
0.5,6,16.347617
1.0,1,16.350621
0.7,4,16.353619
0.7,4,16.356618
1.0,1,16.356618
0.9,2,16.35962
-0.2,13,16.372619
1.0,1,16.373617
0.8,3,16.375617
0.6,5,16.378618
1.0,1,16.379617
1.0,1,16.379617
0.7,4,16.383652
0.8,3,16.386616
0.4,7,16.392617
0.7,4,16.398659
0.2,9,16.405656
0.5,6,16.412662
1.0,1,16.412662
0.7,4,16.416662
1.0,1,16.417661
0.9,2,16.420661
0.7,4,16.424165
0.9,2,16.424165
0.7,4,16.428171
0.4,7,16.4362
0.7,4,16.4392
1.0,1,16.4392
1.0,1,16.4402
1.0,1,16.442199
0.9,2,16.442199
0.8,3,16.448175
1.0,1,16.449175
0.6,5,16.453168
0.9,2,16.455169
0.9,2,16.45817
0.5,6,16.464171
0.7,4,16.468171
0.9,2,16.469171
0.8,3,16.47217
0.8,3,16.475172
1.0,1,16.476174
0.1,10,16.486209
0.6,5,16.489171
0.5,6,16.493171
0.4,7,16.50017
0.7,4,16.502171
0.0,11,16.512206
0.3,8,16.518174
0.7,4,16.521174
0.9,2,16.522174
0.8,3,16.525694
0.6,5,16.528694
1.0,1,16.530695
0.5,6,16.533694
1.0,1,16.535696
0.5,6,16.540695
0.3,8,16.546695
0.1,10,16.552694
0.8,3,16.555696
0.9,2,16.558698
0.5,6,16.562694
0.6,5,16.565693
1.0,1,16.567695
0.9,2,16.568693
1.0,1,16.570696
0.5,6,16.577721
1.0,1,16.577721
0.5,6,16.583691
0.7,4,16.586692
1.0,1,16.587695
1.0,1,16.587695
0.7,4,16.592696
0.6,5,16.596691
0.6,5,16.602731
0.9,2,16.605694
0.7,4,16.608694
0.5,6,16.6137
0.9,2,16.6137
0.3,8,16.621704
0.8,3,16.625213
0.5,6,16.630213
0.5,6,16.635213
0.8,3,16.638212
0.9,2,16.639212
0.5,6,16.645249
1.0,1,16.645249
0.7,4,16.648212
-0.1,12,16.66021
1.0,1,16.661209
0.5,6,16.666215
0.7,4,16.669211
0.3,8,16.675212
1.0,1,16.675212
1.0,1,16.675212
1.0,1,16.677216
1.0,1,16.679213
0.3,8,16.68521
0.8,3,16.68621
0.9,2,16.68821
0.7,4,16.69121
0.5,6,16.69421
0.6,5,16.701248
1.0,1,16.702245
1.0,1,16.702245
0.7,4,16.708213
0.4,7,16.714218
0.5,6,16.719218
0.2,9,16.726584
0.6,5,16.730585
0.3,8,16.738583
0.8,3,16.741582
1.0,1,16.741582
0.2,9,16.748584
0.7,4,16.751584
0.6,5,16.756585
1.0,1,16.758584
0.1,10,16.767588
0.6,5,16.771617
0.8,3,16.774617
1.0,1,16.775618
0.6,5,16.781611
0.5,6,16.785612
0.4,7,16.790584
0.4,7,16.795613
1.0,1,16.798583
0.2,9,16.804584
0.8,3,16.806584
1.0,1,16.806584
0.9,2,16.810589
0.3,8,16.817617
0.5,6,16.821619
0.5,6,16.827187
0.5,6,16.830184
0.3,8,16.836185
0.9,2,16.840186
0.5,6,16.845157
0.8,3,16.848157
0.7,4,16.851157
0.3,8,16.857158
0.7,4,16.861158
0.3,8,16.868155
0.9,2,16.869154
0.7,4,16.873158
0.4,7,16.879157
1.0,1,16.881159
0.7,4,16.884157
0.6,5,16.890157
1.0,1,16.891168
0.8,3,16.894155
0.6,5,16.898155
0.9,2,16.899157
1.0,1,16.90119
0.8,3,16.902191
0.8,3,16.904156
0.7,4,16.909155
1.0,1,16.909155
0.9,2,16.912158
1.0,1,16.912158
0.6,5,16.915158
0.8,3,16.917158
0.6,5,16.921162
0.8,3,16.924667
0.5,6,16.93067
1.0,1,16.93067
0.5,6,16.937706
0.8,3,16.940675
0.5,6,16.945673
0.3,8,16.952673
0.4,7,16.958705
0.6,5,16.963706
1.0,1,16.963706
0.5,6,16.967673
0.8,3,16.971672
1.0,1,16.971672
1.0,1,16.975674
0.9,2,16.976672
0.7,4,16.978673
0.3,8,16.984673
0.5,6,16.99167
0.3,8,16.997705
1.0,1,16.997705
0.6,5,17.00067
0.8,3,17.00367
0.3,8,17.00867
0.6,5,17.014673
0.7,4,17.017704
0.5,6,17.024236
0.6,5,17.02727
0.8,3,17.030242
0.6,5,17.035239
0.3,8,17.042242
0.3,8,17.04824
0.7,4,17.05124
0.8,3,17.05324
0.1,10,17.063245
0.9,2,17.067243
0.7,4,17.071242
1.0,1,17.071242
1.0,1,17.07225
0.9,2,17.074243
0.4,7,17.079243
0.9,2,17.081243
0.8,3,17.084242
0.7,4,17.086244
0.8,3,17.089243
-0.2,13,17.102255
1.0,1,17.102255
0.4,7,17.109243
0.9,2,17.110279
0.8,3,17.112277
1.0,1,17.113276
0.8,3,17.117247
1.0,1,17.117247
0.8,3,17.121251
0.4,7,17.128756
0.9,2,17.129755
0.5,6,17.134756
1.0,1,17.135754
0.7,4,17.137757
0.8,3,17.140756
0.8,3,17.142755
0.6,5,17.148755
0.7,4,17.152752
0.9,2,17.153752
0.9,2,17.157758
1.0,1,17.158758
-0.7,18,17.169758
0.5,6,17.177758
0.7,4,17.18179
0.8,3,17.184756
0.4,7,17.188755
0.2,9,17.195753
0.5,6,17.199752
0.6,5,17.202752
0.7,4,17.207754
0.8,3,17.209762
0.5,6,17.214761
0.8,3,17.215762
0.6,5,17.219763
0.6,5,17.225307
1.0,1,17.226309
0.9,2,17.228335
0.8,3,17.229335
0.5,6,17.235307
1.0,1,17.23731
0.7,4,17.240335
1.0,1,17.241334
0.6,5,17.245307
0.5,6,17.249335
0.5,6,17.255308
0.7,4,17.259306
0.8,3,17.261307
-0.2,13,17.272307
0.8,3,17.274307
0.9,2,17.278306
0.8,3,17.280308
1.0,1,17.281307
0.4,7,17.288307
0.2,9,17.295305
0.3,8,17.301307
1.0,1,17.302305
0.7,4,17.305304
0.5,6,17.309304
0.6,5,17.312308
0.1,10,17.320307
1.0,1,17.322308
0.3,8,17.327815
1.0,1,17.328815
0.7,4,17.331818
1.0,1,17.331818
0.8,3,17.335819
0.4,7,17.341814
0.3,8,17.347816
1.0,1,17.347816
1.0,1,17.350815
0.7,4,17.353815
0.3,8,17.359814
0.8,3,17.361815
0.5,6,17.368851
0.7,4,17.372816
0.5,6,17.377855
0.8,3,17.381817
0.6,5,17.385817
0.9,2,17.385817
0.7,4,17.39085
0.8,3,17.394845
0.7,4,17.398821
0.2,9,17.406851
0.6,5,17.411857
0.7,4,17.415857
1.0,1,17.415857
0.0,11,17.424362
0.9,2,17.425367
0.8,3,17.428396
1.0,1,17.430367
0.6,5,17.434368
0.9,2,17.436368
0.7,4,17.439368
0.5,6,17.443371
0.9,2,17.446367
0.5,6,17.451396
0.8,3,17.453396
0.7,4,17.456396
0.3,8,17.462366
0.8,3,17.466367
0.3,8,17.472365
0.8,3,17.475368
0.8,3,17.477369
0.8,3,17.480402
0.5,6,17.486365
0.9,2,17.487365
0.5,6,17.492396
0.6,5,17.496403
0.9,2,17.496403
0.6,5,17.503397
0.5,6,17.508371
0.9,2,17.512408
0.9,2,17.513406
1.0,1,17.513406
0.3,8,17.51937
0.8,3,17.5224
0.9,2,17.525969
0.9,2,17.525969
0.8,3,17.52897
0.5,6,17.534941
1.0,1,17.537943
0.5,6,17.540941
0.8,3,17.543941
0.9,2,17.543941
0.8,3,17.547977
0.7,4,17.551948
1.0,1,17.552941
0.6,5,17.558943
0.4,7,17.564941
0.8,3,17.570941
-0.3,14,17.581939
0.8,3,17.582939
1.0,1,17.585943
0.4,7,17.590941
0.8,3,17.593943
1.0,1,17.594942
0.7,4,17.597942
1.0,1,17.59997
0.5,6,17.603969
0.5,6,17.611947
0.5,6,17.614947
0.6,5,17.619947
0.6,5,17.62546
-0.1,12,17.635488
0.4,7,17.639488
0.2,9,17.648458
0.7,4,17.651458
1.0,1,17.652457
0.7,4,17.655458
1.0,1,17.657459
1.0,1,17.657459
0.6,5,17.662467
0.6,5,17.66746
0.4,7,17.67346
0.6,5,17.67746
1.0,1,17.67746
0.9,2,17.67946
1.0,1,17.68046
0.6,5,17.68346
0.7,4,17.688494
0.8,3,17.690494
0.9,2,17.691494
1.0,1,17.693497
1.0,1,17.693497
0.7,4,17.697468
0.7,4,17.700468
0.6,5,17.704467
0.3,8,17.712523
1.0,1,17.713551
0.5,6,17.722514
0.6,5,17.725603
0.7,4,17.729628
0.9,2,17.732613
0.4,7,17.737599
0.7,4,17.740592
0.7,4,17.74359
0.4,7,17.749593
0.4,7,17.754593
0.3,8,17.760628
0.7,4,17.765627
0.6,5,17.768601
0.8,3,17.7716
0.7,4,17.7746
0.6,5,17.778608
0.1,10,17.788627
0.5,6,17.792634
0.8,3,17.795634
1.0,1,17.796634
0.7,4,17.799634
0.7,4,17.804627
0.7,4,17.808595
0.8,3,17.810599
0.8,3,17.813599
0.3,8,17.820633
1.0,1,17.821635
0.8,3,17.825176
0.6,5,17.829181
0.6,5,17.83218
0.5,6,17.837179
0.8,3,17.840217
0.8,3,17.843216
1.0,1,17.843216
0.7,4,17.847217
0.8,3,17.850216
0.8,3,17.853216
0.3,8,17.860191
1.0,1,17.860191
0.6,5,17.864181
0.7,4,17.868182
0.2,9,17.877189
1.0,1,17.87819
0.2,9,17.883189
0.3,8,17.89018
0.8,3,17.89418
0.9,2,17.895179
1.0,1,17.897179
0.9,2,17.898192
0.8,3,17.901217
0.8,3,17.904183
0.4,7,17.910188
1.0,1,17.912187
0.7,4,17.915188
1.0,1,17.915188
0.7,4,17.918188
0.8,3,17.922188
0.7,4,17.9257
0.8,3,17.926701
0.8,3,17.92971
1.0,1,17.930711
0.6,5,17.93771
0.6,5,17.94171
0.7,4,17.94371
0.5,6,17.94771
1.0,1,17.94971
0.7,4,17.953706
1.0,1,17.953706
0.8,3,17.957742
0.6,5,17.9617
0.5,6,17.965697
0.2,9,17.976697
0.6,5,17.979698
0.7,4,17.983701
0.6,5,18.038218
0.4,7,18.044217
1.0,1,18.044217
0.8,3,18.055218
0.8,3,18.058226
0.8,3,18.060226
0.9,2,18.062227
0.6,5,18.068227
1.0,1,18.069225
0.4,7,18.075226
1.0,1,18.075226
0.9,2,18.078217
0.7,4,18.082221
0.7,4,18.086252
0.9,2,18.086252
1.0,1,18.090215
0.8,3,18.091215
-0.7,18,18.110235
0.7,4,18.114225
0.5,6,18.119223
0.6,5,18.126729
0.9,2,18.127731
0.9,2,18.12973
0.9,2,18.12973
0.8,3,18.13273
1.0,1,18.13273
0.8,3,18.135739
0.7,4,18.140739
1.0,1,18.14173
0.3,8,18.147729
0.5,6,18.153729
0.8,3,18.154729
0.7,4,18.158732
0.9,2,18.160732
0.9,2,18.161732
0.8,3,18.166766
0.5,6,18.17374
0.5,6,18.17973
0.7,4,18.182729
0.7,4,18.185739
1.0,1,18.186739
0.8,3,18.189759
0.9,2,18.193767
1.0,1,18.194767
0.7,4,18.198731
0.9,2,18.199731
0.8,3,18.203731
0.8,3,18.208741
0.7,4,18.211755
0.8,3,18.213754
0.4,7,18.217754
0.4,7,18.226197
0.8,3,18.22923
0.9,2,18.230232
0.8,3,18.232241
0.5,6,18.238193
0.7,4,18.241193
0.9,2,18.243204
0.6,5,18.246194
0.9,2,18.249193
1.0,1,18.249193
1.0,1,18.249193
0.8,3,18.253196
1.0,1,18.253196
0.5,6,18.259195
1.0,1,18.260204
0.9,2,18.263204
1.0,1,18.265204
0.7,4,18.269206
0.6,5,18.272206
1.0,1,18.273195
1.0,1,18.27523
1.0,1,18.276229
0.2,9,18.283206
0.8,3,18.285205
0.5,6,18.290211
0.9,2,18.292204
0.9,2,18.295198
0.8,3,18.299206
0.6,5,18.30424
-0.1,12,18.314199
0.1,10,18.323199
0.6,5,18.326704
0.8,3,18.329705
0.4,7,18.335704
0.9,2,18.336704
0.8,3,18.339704
0.9,2,18.342705
1.0,1,18.344705
0.8,3,18.346741
0.5,6,18.352741
0.9,2,18.353741
1.0,1,18.355741
0.5,6,18.359741
0.4,7,18.367704
0.5,6,18.371718
0.8,3,18.375742
0.6,5,18.381714
1.0,1,18.382715
0.8,3,18.384715
-0.4,15,18.396715
0.9,2,18.399708
-0.3,14,18.409746
0.2,9,18.416792
0.8,3,18.418796
0.6,5,18.421793
1.0,1,18.423787
0.5,6,18.429996
0.7,4,18.432962
0.8,3,18.434996
1.0,1,18.435996
1.0,1,18.435996
0.5,6,18.440962
0.5,6,18.445959
0.9,2,18.448967
1.0,1,18.448967
0.5,6,18.454961
0.5,6,18.45997
0.7,4,18.462969
0.7,4,18.465969
0.6,5,18.468969
0.7,4,18.471962
0.5,6,18.478997
0.9,2,18.479996
0.9,2,18.481966
0.5,6,18.485959
0.8,3,18.488961
0.9,2,18.49297
0.7,4,18.49597
0.8,3,18.496969
0.6,5,18.500969
0.6,5,18.504963
0.7,4,18.50896
0.7,4,18.512969
0.0,11,18.521005
0.8,3,18.522006
1.0,1,18.525005
0.8,3,18.527553
1.0,1,18.529552
0.7,4,18.532552
0.7,4,18.535561
0.3,8,18.544555
0.8,3,18.54555
0.9,2,18.54755
0.8,3,18.550552
1.0,1,18.550552
0.3,8,18.55655
1.0,1,18.559551
0.5,6,18.56455
0.8,3,18.56555
0.5,6,18.573551
0.5,6,18.577549
0.3,8,18.583559
0.5,6,18.58855
1.0,1,18.58955
0.5,6,18.59455
0.8,3,18.59555
1.0,1,18.59955
0.5,6,18.60255
0.5,6,18.607549
0.8,3,18.608549
1.0,1,18.60955
0.8,3,18.610552
0.8,3,18.614555
0.7,4,18.617589
1.0,1,18.617589
0.7,4,18.620562
0.5,6,18.63006
1.0,1,18.63006
0.9,2,18.63306
1.0,1,18.63306
0.5,6,18.63806
0.6,5,18.645072
0.3,8,18.651098
0.6,5,18.654095
0.9,2,18.654095
0.3,8,18.66006
0.9,2,18.66506
0.5,6,18.66806
0.5,6,18.67306
0.3,8,18.680064
0.5,6,18.684065
1.0,1,18.68609
1.0,1,18.68709
0.3,8,18.693063
0.8,3,18.696063
0.6,5,18.699062
0.8,3,18.703062
1.0,1,18.703062
0.5,6,18.707062
1.0,1,18.709064
0.5,6,18.71307
1.0,1,18.71307
0.8,3,18.71607
0.8,3,18.720069
0.9,2,18.720069
0.8,3,18.723068
0.1,10,18.733587
0.6,5,18.735587
1.0,1,18.736587
1.0,1,18.736587
0.6,5,18.742621
0.9,2,18.74359
0.9,2,18.747591
0.7,4,18.75059
0.4,7,18.754623
1.0,1,18.75659
0.7,4,18.76159
0.5,6,18.765589
-1.3,24,18.784589
0.0,11,18.794617
0.5,6,18.798623
0.5,6,18.80459
0.4,7,18.811651
0.8,3,18.812655
0.8,3,18.815651
0.9,2,18.818651
0.8,3,18.821623
0.9,2,18.823623
0.6,5,18.827135
0.8,3,18.829135
0.6,5,18.832135
0.9,2,18.834135
0.8,3,18.836135
1.0,1,18.839134
1.0,1,18.840133
0.5,6,18.844135
1.0,1,18.848132
0.9,2,18.849132
0.6,5,18.853135
1.0,1,18.857134
0.5,6,18.862164
0.7,4,18.865164
0.7,4,18.869133
1.0,1,18.870137
0.5,6,18.877132
1.0,1,18.878133
0.5,6,18.885137
0.9,2,18.886135
0.5,6,18.891135
0.8,3,18.892136
0.9,2,18.894135
0.7,4,18.897135
0.8,3,18.901136
0.6,5,18.905134
0.5,6,18.910132
0.8,3,18.913137
0.8,3,18.918135
0.9,2,18.919137
0.9,2,18.921136
0.5,6,18.924135
0.4,7,18.929642
0.8,3,18.933677
0.6,5,18.938641
0.5,6,18.943642
0.5,6,18.947645
0.5,6,18.953644
1.0,1,18.955645
1.0,1,18.956645
0.5,6,18.962647
0.7,4,18.967644
0.5,6,18.972677
0.6,5,18.976673
0.7,4,18.979644
0.5,6,18.984644
0.5,6,18.987644
0.9,2,18.990644
0.3,8,18.999644
0.4,7,19.005644
0.5,6,19.009644
1.0,1,19.010649
0.9,2,19.014677
0.6,5,19.01865
1.0,1,19.01968
0.1,10,19.029187
0.6,5,19.032155
0.5,6,19.037155
0.6,5,19.04216
0.8,3,19.045157
0.6,5,19.049177
0.6,5,19.053157
0.5,6,19.059159
0.5,6,19.063187
0.9,2,19.067157
0.7,4,19.070158
1.0,1,19.071158
0.7,4,19.074156
0.5,6,19.080155
0.7,4,19.083154
0.9,2,19.085155
0.7,4,19.088155
0.6,5,19.092163
0.6,5,19.096155
0.5,6,19.102155
0.8,3,19.105155
0.6,5,19.109155
0.9,2,19.109155
0.7,4,19.114158
0.8,3,19.117157
0.6,5,19.120157
0.9,2,19.123159
1.0,1,19.123159
0.5,6,19.129667
0.9,2,19.130668
0.6,5,19.133666
0.2,9,19.142695
0.5,6,19.146667
0.8,3,19.150667
0.8,3,19.153668
-0.2,13,19.165694
0.7,4,19.167697
0.9,2,19.168696
0.6,5,19.174667
1.0,1,19.175667
0.6,5,19.178667
0.8,3,19.181666
0.6,5,19.184667
0.8,3,19.189667
0.8,3,19.191668
1.0,1,19.192667
0.6,5,19.195667
0.9,2,19.19767
1.0,1,19.19767
1.0,1,19.198667
0.8,3,19.201669
0.6,5,19.206667
1.0,1,19.206667
0.7,4,19.212672
0.5,6,19.221706
0.7,4,19.226223
0.5,6,19.229219
0.9,2,19.231221
0.8,3,19.23522
0.5,6,19.240222
1.0,1,19.240222
0.5,6,19.246219
0.8,3,19.24922
0.4,7,19.255219
0.5,6,19.260221
0.3,8,19.265221
0.6,5,19.269218
0.6,5,19.273219
0.8,3,19.27622
0.1,10,19.28422
0.7,4,19.28622
0.5,6,19.29022
0.8,3,19.29222
0.6,5,19.297218
0.6,5,19.300218
0.5,6,19.30622
1.0,1,19.30622
0.5,6,19.311226
0.6,5,19.316225
0.9,2,19.317226
0.5,6,19.322231
-0.5,16,19.334738
0.6,5,19.338738
1.0,1,19.340738
0.7,4,19.343737
0.6,5,19.349739
0.4,7,19.353738
0.4,7,19.360743
0.5,6,19.367738
0.8,3,19.368738
0.5,6,19.374739
0.7,4,19.37774
1.0,1,19.378738
1.0,1,19.38074
0.5,6,19.385738
0.8,3,19.387739
0.9,2,19.388739
0.4,7,19.394737
1.0,1,19.395737
0.5,6,19.401742
0.4,7,19.405742
0.7,4,19.408742
0.6,5,19.41275
0.2,9,19.420749
0.0,11,19.432261
0.6,5,19.435258
0.5,6,19.439265
0.5,6,19.444257
1.0,1,19.444257
0.8,3,19.447258
0.9,2,19.447258
0.9,2,19.450258
1.0,1,19.450258
0.7,4,19.455263
0.8,3,19.457261
0.6,5,19.46026
0.6,5,19.463259
0.4,7,19.468261
0.8,3,19.47226
0.8,3,19.476261
0.6,5,19.480258
0.7,4,19.483288
0.9,2,19.484291
0.5,6,19.492289
0.8,3,19.495291
1.0,1,19.496288
0.6,5,19.499289
0.9,2,19.502261
0.5,6,19.506288
1.0,1,19.506288
0.5,6,19.513321
1.0,1,19.513321
0.6,5,19.517294
0.7,4,19.522294
1.0,1,19.524321
0.6,5,19.52791
1.0,1,19.52791
0.4,7,19.532891
0.4,7,19.539868
0.9,2,19.540891
0.6,5,19.544865
0.9,2,19.547862
0.5,6,19.551861
0.5,6,19.557861
0.1,10,19.56389
0.8,3,19.567863
0.5,6,19.573863
0.8,3,19.574861
0.5,6,19.579901
0.4,7,19.58486
0.6,5,19.58786
0.5,6,19.591859
0.9,2,19.59386
0.1,10,19.601859
0.6,5,19.60586
0.5,6,19.60986
0.5,6,19.614865
0.1,10,19.622865
0.4,7,19.629375
0.6,5,19.633373
0.1,10,19.640373
0.3,8,19.646376
0.6,5,19.650375
1.0,1,19.652377
0.8,3,19.655376
0.4,7,19.660376
0.5,6,19.665373
1.0,1,19.666373
0.7,4,19.669374
0.9,2,19.672377
0.9,2,19.673375
0.8,3,19.676375
0.6,5,19.681373
0.8,3,19.686403
0.8,3,19.689403
0.7,4,19.692404
0.8,3,19.695374
1.0,1,19.696373
1.0,1,19.696373
1.0,1,19.696373
0.3,8,19.704375
0.5,6,19.710409
0.9,2,19.711442
0.7,4,19.716414
0.5,6,19.721414
0.9,2,19.721414
0.0,11,19.73183
0.6,5,19.735833
0.6,5,19.740834
0.4,7,19.744833
0.6,5,19.749833
0.4,7,19.752832
0.8,3,19.755829
1.0,1,19.757828
1.0,1,19.760827
0.8,3,19.760827
0.8,3,19.763827
0.6,5,19.766828
0.7,4,19.769827
0.9,2,19.771833
0.9,2,19.772832
0.8,3,19.776858
0.7,4,19.779857
0.8,3,19.784831
0.6,5,19.789837
0.6,5,19.793864
0.9,2,19.796863
0.3,8,19.80383
0.9,2,19.804833
1.0,1,19.807845
0.5,6,19.811865
1.0,1,19.812865
0.6,5,19.817838
0.6,5,19.823837
0.5,6,19.828349
0.9,2,19.830349
0.6,5,19.835349
0.6,5,19.83935
0.8,3,19.842349
-0.1,12,19.852385
0.7,4,19.856385
1.0,1,19.857383
0.7,4,19.86035
1.0,1,19.864382
0.0,11,19.871383
0.8,3,19.873383
0.5,6,19.878382
0.5,6,19.882349
0.7,4,19.886353
0.4,7,19.892347
0.9,2,19.893346
0.6,5,19.898348
0.9,2,19.899347
0.5,6,19.906348
0.5,6,19.909347
0.5,6,19.915364
0.8,3,19.91635
0.8,3,19.919352
0.6,5,19.923385
0.6,5,19.927861
0.9,2,19.928865
0.3,8,19.934862
0.9,2,19.936863
0.6,5,19.941864
0.3,8,19.949896
0.7,4,19.952898
0.5,6,19.956861
0.7,4,19.959861
0.8,3,19.962896
0.8,3,19.964899
0.1,10,19.970896
0.8,3,19.973899
0.9,2,19.975904
0.2,9,19.983863
0.6,5,19.986863
0.5,6,19.991863
0.1,10,19.999863
1.0,1,19.999863
0.2,9,20.006862
0.4,7,20.011869
0.8,3,20.01387
1.0,1,20.01387
1.0,1,20.015871
0.8,3,20.01887
0.3,8,20.026382
0.7,4,20.02938
0.7,4,20.033382
0.5,6,20.038416
0.5,6,20.042379
1.0,1,20.045416
0.6,5,20.048411
0.5,6,20.053415
0.9,2,20.055416
0.2,9,20.065382
0.4,7,20.071382
0.5,6,20.076379
0.5,6,20.08241
0.7,4,20.08541
0.4,7,20.09141
0.6,5,20.095379
0.9,2,20.095379
0.6,5,20.101379
0.8,3,20.10238
0.5,6,20.10938
0.9,2,20.11038
0.6,5,20.114383
1.0,1,20.115382
0.7,4,20.117383
0.8,3,20.121385
0.5,6,20.124385
0.5,6,20.130925
0.5,6,20.133931
0.5,6,20.139925
0.5,6,20.145895
0.4,7,20.150895
1.0,1,20.151896
0.9,2,20.153894
0.9,2,20.154894
0.6,5,20.159925
0.8,3,20.161931
1.0,1,20.162898
0.5,6,20.168896
1.0,1,20.168896
1.0,1,20.170897
0.8,3,20.173897
0.7,4,20.176897
0.7,4,20.179897
0.7,4,20.182896
0.7,4,20.186898
1.0,1,20.187926
0.7,4,20.191895
0.5,6,20.196896
0.3,8,20.203896
1.0,1,20.206897
1.0,1,20.206897
0.6,5,20.211903
0.9,2,20.211903
0.9,2,20.214902
0.4,7,20.219936
0.3,8,20.226437
0.4,7,20.231438
0.9,2,20.234441
0.9,2,20.23544
0.9,2,20.23944
0.8,3,20.24044
0.7,4,20.243439
0.7,4,20.246439
0.4,7,20.254438
0.9,2,20.256437
0.7,4,20.259441
0.8,3,20.260474
0.3,8,20.265476
0.6,5,20.270468
0.5,6,20.277467
0.6,5,20.281442
0.9,2,20.28444
1.0,1,20.28444
0.8,3,20.28844
0.6,5,20.291437
0.9,2,20.293437
0.2,9,20.300467
0.6,5,20.303437
1.0,1,20.303437
0.9,2,20.308437
0.9,2,20.308437
0.8,3,20.311443
0.8,3,20.315446
0.6,5,20.32044
1.0,1,20.32044
1.0,1,20.322479
0.9,2,20.32347
0.6,5,20.32704
0.7,4,20.331011
0.7,4,20.33704
0.7,4,20.34004
0.4,7,20.34804
0.8,3,20.35101
0.6,5,20.354009
0.9,2,20.357013
0.8,3,20.358011
0.8,3,20.360012
0.3,8,20.366012
0.5,6,20.371012
0.9,2,20.373011
1.0,1,20.374013
0.4,7,20.380009
0.2,9,20.38601
0.5,6,20.393013
1.0,1,20.393013
0.6,5,20.396011
0.7,4,20.399013
0.6,5,20.406012
0.4,7,20.41004
0.3,8,20.418046
1.0,1,20.420046
1.0,1,20.420046
0.7,4,20.424044
0.4,7,20.430551
0.8,3,20.431551
0.6,5,20.436552
0.6,5,20.440582
0.5,6,20.444581
0.5,6,20.45055
0.4,7,20.458554
0.3,8,20.463553
0.5,6,20.467553
1.0,1,20.467553
0.9,2,20.470554
0.4,7,20.477555
0.2,9,20.483551
0.6,5,20.486551
1.0,1,20.486551
0.9,2,20.489552
0.9,2,20.492552
0.9,2,20.494551
1.0,1,20.495551
0.5,6,20.501554
0.2,9,20.508555
0.4,7,20.515596
0.6,5,20.519598
0.9,2,20.520597
0.6,5,20.526141
0.5,6,20.530147
0.9,2,20.534145
1.0,1,20.534145
0.9,2,20.535145
0.3,8,20.542144
0.8,3,20.544145
0.7,4,20.547144
0.6,5,20.552146
1.0,1,20.554148
0.9,2,20.555149
1.0,1,20.555149
0.6,5,20.56218
0.6,5,20.566149
0.8,3,20.569149
0.9,2,20.570146
0.8,3,20.574148
0.8,3,20.577144
0.5,6,20.582184
0.5,6,20.589148
0.5,6,20.594147
1.0,1,20.595145
0.6,5,20.602176
1.0,1,20.602176
1.0,1,20.603175
1.0,1,20.603175
0.8,3,20.605178
0.4,7,20.611147
1.0,1,20.612147
0.8,3,20.616148
0.6,5,20.620148
1.0,1,20.620148
0.8,3,20.625656
0.9,2,20.627663
0.9,2,20.628664
0.6,5,20.63366
0.9,2,20.636666
1.0,1,20.636666
0.6,5,20.63966
0.0,11,20.651662
0.7,4,20.654662
1.0,1,20.654662
0.5,6,20.662664
0.7,4,20.664665
0.7,4,20.667665
0.5,6,20.671665
0.5,6,20.676663
0.6,5,20.680662
1.0,1,20.680662
0.7,4,20.684665
0.6,5,20.691664
0.8,3,20.692662
1.0,1,20.696662
0.6,5,20.699659
0.9,2,20.70066
0.9,2,20.70266
0.1,10,20.710689
0.8,3,20.713697
0.6,5,20.717694
0.5,6,20.723725
0.5,6,20.72729
0.7,4,20.731291
0.9,2,20.735263
0.4,7,20.742261
1.0,1,20.742261
0.9,2,20.74326
0.5,6,20.749291
0.2,9,20.755265
0.6,5,20.759263
0.7,4,20.762295
0.6,5,20.767296
0.9,2,20.768298
1.0,1,20.770266
0.7,4,20.773263
0.0,11,20.781291
0.3,8,20.787265
0.7,4,20.791261
0.3,8,20.797291
1.0,1,20.798291
0.7,4,20.801262
0.9,2,20.803291
1.0,1,20.804291
0.5,6,20.811325
0.2,9,20.817325
0.3,8,20.824297
0.5,6,20.828809
0.5,6,20.833808
0.5,6,20.837808
0.4,7,20.843807
0.8,3,20.845809
0.8,3,20.84781
0.9,2,20.848808
0.6,5,20.853808
0.6,5,20.858807
0.8,3,20.859808
0.5,6,20.864808
0.4,7,20.871808
0.4,7,20.876807
1.0,1,20.878805
-0.6,17,20.891841
0.5,6,20.895841
0.9,2,20.89781
1.0,1,20.900809
0.7,4,20.903807
1.0,1,20.903807
0.7,4,20.906807
0.4,7,20.911814
0.8,3,20.914814
1.0,1,20.91582
0.8,3,20.918813
1.0,1,20.918813
0.2,9,20.927308
0.5,6,20.934304
0.5,6,20.938303
0.2,9,20.946308
0.5,6,20.950303
0.8,3,20.953303
0.8,3,20.956304
0.7,4,20.958303
1.0,1,20.959304
0.1,10,20.966303
0.9,2,20.968305
1.0,1,20.970305
1.0,1,20.970305
0.7,4,20.973303
0.5,6,20.980306
1.0,1,20.981307
0.9,2,20.984309
-0.2,13,20.993306
0.5,6,20.997306
0.9,2,21.000306
1.0,1,21.000306
0.4,7,21.008303
0.8,3,21.011316
0.3,8,21.017317
0.6,5,21.021314
0.9,2,21.022314
0.8,3,21.026823
0.7,4,21.029826
0.6,5,21.033826
0.6,5,21.039826
1.0,1,21.040827
0.9,2,21.042828
0.4,7,21.049825
0.6,5,21.053826
0.3,8,21.06083
1.0,1,21.063827
1.0,1,21.063827
0.9,2,21.064826
0.7,4,21.067827
0.5,6,21.073825
0.8,3,21.075825
0.0,11,21.085826
0.8,3,21.089828
0.9,2,21.092828
0.8,3,21.094827
0.7,4,21.097828
0.4,7,21.103861
0.9,2,21.105867
1.0,1,21.106828
1.0,1,21.106828
0.7,4,21.109861
1.0,1,21.111839
0.7,4,21.114836
0.7,4,21.117836
0.8,3,21.120837
0.7,4,21.123836
0.5,6,21.13038
0.9,2,21.131381
0.4,7,21.137346
0.5,6,21.141346
0.9,2,21.143348
0.6,5,21.149348
0.6,5,21.152348
0.8,3,21.155349
1.0,1,21.156348
1.0,1,21.158346
0.8,3,21.159346
0.4,7,21.165345
0.7,4,21.169381
0.7,4,21.17238
0.1,10,21.180348
1.0,1,21.183347
0.7,4,21.186346
0.5,6,21.190346
1.0,1,21.193345
0.6,5,21.196345
0.5,6,21.20135
0.5,6,21.208348
0.5,6,21.211349
0.9,2,21.213355
0.8,3,21.216353
0.7,4,21.221353
0.3,8,21.226353
-0.1,12,21.235861
0.7,4,21.238862
0.8,3,21.239861
0.4,7,21.247895
0.8,3,21.250896
0.6,5,21.253896
0.1,10,21.262897
0.8,3,21.263894
0.7,4,21.268861
1.0,1,21.270861
0.6,5,21.273861
0.6,5,21.276861
0.7,4,21.281863
0.6,5,21.285889
0.9,2,21.288858
1.0,1,21.288858
0.7,4,21.291859
-0.2,13,21.300859
1.0,1,21.304861
0.8,3,21.305861
0.6,5,21.310862
0.6,5,21.314868
0.8,3,21.317902
0.4,7,21.321868
0.9,2,21.324866
0.9,2,21.324866
0.9,2,21.327376
0.9,2,21.328374
1.0,1,21.332375
0.6,5,21.335374
0.8,3,21.338375
0.8,3,21.339374
0.9,2,21.341375
0.6,5,21.344372
0.4,7,21.35041
0.7,4,21.354409
0.8,3,21.357377
0.9,2,21.359376
0.6,5,21.365414
0.3,8,21.372374
1.0,1,21.374374
0.9,2,21.375374
1.0,1,21.375374
0.5,6,21.381375
0.8,3,21.384373
0.5,6,21.388372
-0.3,14,21.399375
0.7,4,21.402375
0.2,9,21.411374
0.3,8,21.41738
0.7,4,21.42038
0.6,5,21.425381
0.3,8,21.433738
0.9,2,21.436735
1.0,1,21.437735
0.4,7,21.443735
1.0,1,21.443735
0.6,5,21.447735
0.8,3,21.452735
0.5,6,21.457736
1.0,1,21.459735
1.0,1,21.460737
0.5,6,21.464735
0.5,6,21.469736
0.5,6,21.473737
0.8,3,21.476737
1.0,1,21.476737
0.7,4,21.479737
0.9,2,21.483737
1.0,1,21.484737
0.8,3,21.487738
0.6,5,21.492734
1.0,1,21.492734
1.0,1,21.495737
0.8,3,21.496736
0.8,3,21.498735
0.9,2,21.500735
0.8,3,21.502741
1.0,1,21.506739
0.7,4,21.510742
0.5,6,21.515775
0.0,11,21.527347
1.0,1,21.527347
0.8,3,21.530319
1.0,1,21.531347
0.9,2,21.53432
0.3,8,21.53932
0.9,2,21.540319
0.6,5,21.54532
0.9,2,21.548319
0.7,4,21.551319
0.6,5,21.554317
0.7,4,21.557317
0.5,6,21.564316
0.8,3,21.565321
1.0,1,21.568318
0.8,3,21.569319
0.3,8,21.575352
0.9,2,21.579319
0.9,2,21.580319
0.6,5,21.58632
0.9,2,21.587322
0.7,4,21.591353
0.5,6,21.597317
1.0,1,21.598317
0.4,7,21.60332
0.8,3,21.604319
1.0,1,21.605319
0.3,8,21.613322
1.0,1,21.613322
1.0,1,21.614325
0.8,3,21.616325
0.9,2,21.617324
1.0,1,21.619325
0.3,8,21.624324
0.0,11,21.632584
0.9,2,21.636557
1.0,1,21.636557
0.5,6,21.644586
1.0,1,21.645585
0.9,2,21.645585
0.8,3,21.648587
0.4,7,21.65359
0.5,6,21.657584
0.2,9,21.666552
0.2,9,21.673554
0.1,10,21.680585
0.2,9,21.689584
0.9,2,21.692551
0.7,4,21.695551
0.8,3,21.697552
0.5,6,21.700552
1.0,1,21.702551
1.0,1,21.703551
0.5,6,21.706554
1.0,1,21.709551
0.7,4,21.713574
0.1,10,21.721576
0.7,4,21.727082
0.2,9,21.734088
0.8,3,21.736088
0.3,8,21.744089
1.0,1,21.745088
0.6,5,21.75109
0.9,2,21.75209
0.5,6,21.758091
0.9,2,21.759091
0.8,3,21.762116
0.9,2,21.765088
0.8,3,21.767088
0.9,2,21.771091
0.9,2,21.771091
1.0,1,21.772089
0.4,7,21.779121
1.0,1,21.780087
0.6,5,21.786088
-0.1,12,21.796116
0.4,7,21.801088
0.9,2,21.805089
0.8,3,21.80809
0.4,7,21.812093
0.7,4,21.815095
0.8,3,21.818094
0.6,5,21.822122
0.5,6,21.828597
1.0,1,21.829601
0.6,5,21.8326
0.5,6,21.8376
0.6,5,21.8436
0.5,6,21.8506
0.5,6,21.854627
0.2,9,21.862633
0.8,3,21.866633
0.4,7,21.872598
0.6,5,21.876597
0.4,7,21.882598
0.5,6,21.886597
0.4,7,21.891598
0.5,6,21.898597
1.0,1,21.898597
0.9,2,21.899597
0.3,8,21.904597
0.5,6,21.909597
0.7,4,21.912607
0.5,6,21.917602
0.5,6,21.924632
0.6,5,21.929218
0.4,7,21.935215
0.5,6,21.941187
1.0,1,21.943187
0.9,2,21.94419
1.0,1,21.94419
0.9,2,21.948186
0.5,6,21.953184
1.0,1,21.955185
0.8,3,21.956184
0.9,2,21.959186
0.8,3,21.962185
0.0,11,21.971184
0.4,7,21.977189
0.7,4,21.981186
0.8,3,21.984215
0.5,6,21.988215
1.0,1,21.991215
0.7,4,21.995215
0.9,2,21.996188
0.5,6,22.002218
1.0,1,22.002218
0.4,7,22.011187
1.0,1,22.011187
0.5,6,22.014193
0.3,8,22.020193
0.4,7,22.0267
0.7,4,22.029708
0.3,8,22.036706
0.6,5,22.040741
0.7,4,22.044734
0.9,2,22.04674
0.6,5,22.052706
0.7,4,22.055707
1.0,1,22.055707
0.8,3,22.057706
0.9,2,22.061734
0.5,6,22.065707
0.4,7,22.071705
0.7,4,22.073706
0.7,4,22.076706
1.0,1,22.076706
0.5,6,22.083709
0.5,6,22.088706
1.0,1,22.089748
0.6,5,22.095704
0.9,2,22.096704
0.9,2,22.098704
0.4,7,22.103713
1.0,1,22.106706
1.0,1,22.107707
-0.4,15,22.118741
0.8,3,22.121739
0.6,5,22.127243
0.8,3,22.128249
0.8,3,22.130249
0.6,5,22.134249
0.4,7,22.141249
0.6,5,22.146286
1.0,1,22.148263
0.5,6,22.153277
0.4,7,22.158246
0.7,4,22.163247
0.8,3,22.166278
0.6,5,22.169251
0.1,10,22.17725
0.7,4,22.180246
0.5,6,22.186246
0.5,6,22.190248
0.9,2,22.193246
-0.2,13,22.202287
1.0,1,22.202287
1.0,1,22.206277
0.8,3,22.207283
1.0,1,22.209314
0.7,4,22.213257
1.0,1,22.213257
0.7,4,22.218253
0.7,4,22.222289
0.3,8,22.229767
0.9,2,22.229767
1.0,1,22.232765
0.9,2,22.234766
1.0,1,22.234766
0.3,8,22.240765
0.5,6,22.248795
0.5,6,22.252764
0.8,3,22.256766
0.6,5,22.26077
0.9,2,22.263764
0.1,10,22.269764
0.9,2,22.272764
0.6,5,22.277795
0.6,5,22.281765
0.5,6,22.287765
0.4,7,22.294767
1.0,1,22.295769
0.6,5,22.299767
1.0,1,22.299767
0.8,3,22.303768
0.9,2,22.306767
0.6,5,22.310764
1.0,1,22.312773
0.9,2,22.315775
1.0,1,22.315775
1.0,1,22.315775
0.9,2,22.318774
0.5,6,22.322773
0.9,2,22.325774
0.9,2,22.326775
0.9,2,22.331193
1.0,1,22.332194
0.5,6,22.337197
0.7,4,22.341198
0.6,5,22.348198
1.0,1,22.349199
0.7,4,22.352195
0.5,6,22.357196
1.0,1,22.360194
0.7,4,22.363195
0.8,3,22.365196
0.6,5,22.370193
0.9,2,22.372195
0.2,9,22.379199
0.4,7,22.385198
0.9,2,22.387198
0.4,7,22.393197
0.8,3,22.397192
1.0,1,22.397192
0.6,5,22.404225
1.0,1,22.404225
0.6,5,22.408194
0.6,5,22.413198
1.0,1,22.415201
1.0,1,22.4162
1.0,1,22.4162
0.7,4,22.4202
-0.1,12,22.431736
1.0,1,22.431736
0.7,4,22.434738
0.9,2,22.437767
0.5,6,22.440738
0.4,7,22.447737
0.5,6,22.454738
0.4,7,22.458738
0.7,4,22.461736
1.0,1,22.463736
0.8,3,22.464736
0.2,9,22.472736
0.7,4,22.476736
0.9,2,22.476736
0.7,4,22.479736
0.7,4,22.484775
0.5,6,22.490772
1.0,1,22.490772
0.5,6,22.494772
0.1,10,22.504739
0.8,3,22.507739
0.6,5,22.511739
0.8,3,22.514744
0.4,7,22.519772
0.3,8,22.525772
0.4,7,22.532969
0.4,7,22.53797
0.5,6,22.54197
0.6,5,22.546975
0.9,2,22.547975
0.6,5,22.552969
0.9,2,22.55597
0.8,3,22.557968
0.2,9,22.564981
1.0,1,22.564981
0.4,7,22.571968
0.9,2,22.572968
0.8,3,22.574967
0.8,3,22.577967
0.5,6,22.581998
0.7,4,22.583997
1.0,1,22.58697
0.8,3,22.58797
0.6,5,22.59397
1.0,1,22.594971
0.5,6,22.599998
0.9,2,22.601998
0.1,10,22.608997
0.7,4,22.61201
1.0,1,22.614977
0.5,6,22.620003
0.6,5,22.625003
0.6,5,22.630231
0.9,2,22.631235
0.7,4,22.634203
0.0,11,22.646204
1.0,1,22.646204
0.7,4,22.650204
-0.1,12,22.660202
1.0,1,22.660202
0.3,8,22.666203
0.5,6,22.671203
0.4,7,22.6772
1.0,1,22.6772
-0.1,12,22.6862
0.6,5,22.693202
0.6,5,22.697203
0.8,3,22.700202
0.7,4,22.703202
0.9,2,22.706203
0.6,5,22.7102
1.0,1,22.711204
0.9,2,22.71421
0.9,2,22.715209
0.9,2,22.718245
1.0,1,22.720211
0.8,3,22.72321
0.6,5,22.72621
0.1,10,22.732724
0.9,2,22.734725
0.8,3,22.737727
0.6,5,22.742724
1.0,1,22.742724
0.8,3,22.745761
1.0,1,22.746758
1.0,1,22.748761
0.9,2,22.750753
1.0,1,22.751758
0.9,2,22.754758
0.8,3,22.755763
0.5,6,22.761759
0.9,2,22.761759
0.4,7,22.768724
0.5,6,22.776758
-0.1,12,22.785727
0.1,10,22.793725
0.8,3,22.796725
-0.4,15,22.807754
0.2,9,22.814757
0.6,5,22.818756
0.8,3,22.820756
1.0,1,22.821756
0.5,6,22.827257
0.5,6,22.831261
0.8,3,22.834297
0.6,5,22.839291
0.7,4,22.842292
0.4,7,22.848264
0.5,6,22.853263
0.5,6,22.85926
0.9,2,22.85926
0.6,5,22.864293
0.8,3,22.865296
0.6,5,22.87029
1.0,1,22.87029
1.0,1,22.872262
0.8,3,22.875304
0.5,6,22.878307
1.0,1,22.881264
0.3,8,22.888263
1.0,1,22.888263
0.9,2,22.889263
0.5,6,22.894291
0.5,6,22.898263
0.5,6,22.904292
0.5,6,22.909266
0.9,2,22.913302
0.9,2,22.914301
0.7,4,22.917284
1.0,1,22.920275
0.8,3,22.922306
0.5,6,22.928782
0.8,3,22.931782
0.1,10,22.939781
0.3,8,22.946785
1.0,1,22.949784
0.5,6,22.954784
0.7,4,22.957784
0.4,7,22.965784
0.8,3,22.966782
1.0,1,22.968782
0.6,5,22.971782
0.8,3,22.974785
0.5,6,22.978784
0.9,2,22.980784
0.9,2,22.982783
1.0,1,22.983817
0.6,5,22.988817
0.0,11,22.997783
1.0,1,23.000784
0.2,9,23.008784
0.3,8,23.014784
0.5,6,23.017784
0.8,3,23.019784
0.9,2,23.022787
0.5,6,23.028299
0.7,4,23.031299
1.0,1,23.031299
0.5,6,23.036299
1.0,1,23.036299
0.4,7,23.044299
0.3,8,23.051327
1.0,1,23.052332
0.8,3,23.054299
1.0,1,23.055299
0.5,6,23.062298
0.3,8,23.067299
0.6,5,23.072302
0.7,4,23.075302
0.8,3,23.078302
0.8,3,23.079299
1.0,1,23.082299
0.2,9,23.089326
0.8,3,23.092298
0.4,7,23.095299
1.0,1,23.099301
0.5,6,23.103302
0.8,3,23.105302
0.7,4,23.108301
0.4,7,23.113312
0.5,6,23.118338
0.5,6,23.126305
1.0,1,23.126305
0.8,3,23.129458
0.4,7,23.133486
-0.2,13,23.146458
-0.3,14,23.157459
0.6,5,23.160458
0.0,11,23.169495
0.7,4,23.173492
1.0,1,23.173492
1.0,1,23.176492
0.6,5,23.179492
-0.1,12,23.187495
0.6,5,23.191497
1.0,1,23.193459
0.9,2,23.196493
0.4,7,23.202493
0.4,7,23.206494
0.6,5,23.212458
0.5,6,23.216461
0.7,4,23.221498
0.8,3,23.224463
1.0,1,23.224463
0.5,6,23.229977
1.0,1,23.232976
0.6,5,23.235976
0.5,6,23.240976
0.9,2,23.242006
1.0,1,23.242006
1.0,1,23.244005
0.8,3,23.245004
0.9,2,23.249004
0.6,5,23.252004
0.7,4,23.255976
0.7,4,23.262005
0.7,4,23.265004
1.0,1,23.266005
0.9,2,23.267973
1.0,1,23.268973
0.9,2,23.270973
0.3,8,23.279004
1.0,1,23.280004
0.2,9,23.286975
0.9,2,23.289004
0.7,4,23.295004
0.6,5,23.298004
0.8,3,23.300979
0.8,3,23.303004
0.4,7,23.309978
-0.2,13,23.31901
0.9,2,23.322013
0.9,2,23.322013
0.5,6,23.327515
1.0,1,23.328521
1.0,1,23.330524
0.4,7,23.336522
0.9,2,23.339527
1.0,1,23.339527
0.5,6,23.344521
0.8,3,23.347555
0.5,6,23.35352
0.7,4,23.35652
0.0,11,23.364519
1.0,1,23.366518
1.0,1,23.368521
0.7,4,23.371521
1.0,1,23.372521
0.3,8,23.378521
0.6,5,23.382521
0.9,2,23.384521
0.6,5,23.389557
0.6,5,23.394518
0.7,4,23.397518
-0.1,12,23.40752
0.7,4,23.411522
1.0,1,23.413528
0.3,8,23.421529
0.5,6,23.42453
0.6,5,23.42904
1.0,1,23.43104
0.5,6,23.435037
1.0,1,23.436037
0.5,6,23.441037
1.0,1,23.442037
0.0,11,23.455041
0.6,5,23.459073
0.7,4,23.462041
0.6,5,23.466074
1.0,1,23.468076
0.5,6,23.471073
1.0,1,23.472081
0.1,10,23.479068
1.0,1,23.480078
0.4,7,23.485037
0.9,2,23.488037
0.7,4,23.491037
0.9,2,23.493037
0.6,5,23.496037
0.2,9,23.505075
0.8,3,23.508074
0.6,5,23.512073
0.5,6,23.517078
0.5,6,23.520076
-0.8,19,23.53559
1.0,1,23.537589
0.9,2,23.53959
1.0,1,23.53959
0.3,8,23.546593
0.9,2,23.549589
0.1,10,23.556623
1.0,1,23.557617
0.8,3,23.560591
0.5,6,23.565588
0.6,5,23.568587
0.4,7,23.575588
0.8,3,23.576591
0.7,4,23.58259
0.8,3,23.58659
1.0,1,23.58659
0.7,4,23.590622
1.0,1,23.594593
0.5,6,23.599589
0.5,6,23.604587
0.7,4,23.607591
0.9,2,23.610592
1.0,1,23.610592
1.0,1,23.612592
0.8,3,23.6136
1.0,1,23.6156
0.6,5,23.618601
1.0,1,23.619601
0.9,2,23.621601
0.6,5,23.625601
0.5,6,23.630121
1.0,1,23.635118
0.8,3,23.636117
0.8,3,23.639116
0.7,4,23.643119
0.6,5,23.647118
1.0,1,23.650147
1.0,1,23.650147
0.7,4,23.653147
1.0,1,23.654145
0.5,6,23.660152
-0.1,12,23.673115
0.8,3,23.674114
0.8,3,23.678139
0.6,5,23.681117
1.0,1,23.684118
-0.2,13,23.693145
0.6,5,23.696145
1.0,1,23.697117
0.7,4,23.700145
0.4,7,23.706155
0.6,5,23.712147
0.7,4,23.71518
0.4,7,23.721151
1.0,1,23.721151
0.6,5,23.727657
0.2,9,23.733663
0.8,3,23.737663
0.6,5,23.740663
0.9,2,23.741663
1.0,1,23.742665
0.8,3,23.745664
0.6,5,23.750664
0.7,4,23.754705
0.8,3,23.755697
0.9,2,23.758699
0.9,2,23.759695
1.0,1,23.762699
0.5,6,23.766665
0.6,5,23.770699
0.3,8,23.777663
0.3,8,23.78666
0.9,2,23.78966
0.7,4,23.79266
0.3,8,23.800663
0.4,7,23.806664
0.5,6,23.810664
0.6,5,23.814669
0.0,11,23.823698
0.5,6,23.829269
0.8,3,23.830269
0.8,3,23.83527
0.5,6,23.840269
0.6,5,23.843282
0.6,5,23.846273
1.0,1,23.846273
0.9,2,23.850245
0.5,6,23.854269
0.5,6,23.860241
0.9,2,23.860241
0.5,6,23.866241
0.6,5,23.872241
0.4,7,23.87724
1.0,1,23.87724
0.9,2,23.880243
0.2,9,23.888244
0.6,5,23.891241
0.8,3,23.894242
-0.2,13,23.903241
0.9,2,23.905241
1.0,1,23.905241
0.8,3,23.911239
0.9,2,23.911239
0.7,4,23.915242
0.5,6,23.921244
0.7,4,23.925245
0.5,6,23.930788
0.7,4,23.934762
0.9,2,23.937756
1.0,1,23.937756
0.3,8,23.944759
0.5,6,23.950794
0.6,5,23.955796
0.7,4,23.95976
0.8,3,23.961759
0.8,3,23.964758
1.0,1,23.965756
1.0,1,23.96776
0.5,6,23.971758
0.6,5,23.975756
0.9,2,23.978756
0.5,6,23.983756
0.9,2,23.986756
0.8,3,23.989762
0.4,7,23.994794
1.0,1,23.997769
0.5,6,24.001756
1.0,1,24.001756
0.8,3,24.006759
0.7,4,24.010793
0.8,3,24.013826
0.6,5,24.019793
0.5,6,24.02779
0.6,5,24.032301
1.0,1,24.032301
0.8,3,24.036299
0.8,3,24.039332
0.6,5,24.042332
0.3,8,24.047297
1.0,1,24.048297
0.6,5,24.051297
1.0,1,24.055297
0.7,4,24.058298
0.8,3,24.059297
0.7,4,24.061297
0.3,8,24.067297
0.7,4,24.070299
0.7,4,24.074298
0.6,5,24.079299
0.9,2,24.080297
1.0,1,24.081297
0.3,8,24.088296
0.6,5,24.093334
0.3,8,24.099301
1.0,1,24.099301
0.8,3,24.1023
1.0,1,24.1033
0.9,2,24.104299
0.6,5,24.110334
0.8,3,24.111332
0.8,3,24.115338
1.0,1,24.11734
0.7,4,24.121375
0.4,7,24.127914
0.7,4,24.130977
1.0,1,24.131955
0.9,2,24.134953
0.7,4,24.138955
1.0,1,24.138955
0.5,6,24.144918
0.7,4,24.147918
1.0,1,24.150919
-0.2,13,24.158918
0.6,5,24.163923
0.6,5,24.222926
0.2,9,24.237437
0.6,5,24.241438
1.0,1,24.241438
1.0,1,24.24344
0.6,5,24.247438
0.1,10,24.254439
0.1,10,24.264467
1.0,1,24.264467
0.8,3,24.267467
0.6,5,24.270467
0.9,2,24.273438
0.7,4,24.277466
0.4,7,24.283475
0.7,4,24.28744
0.9,2,24.291467
0.7,4,24.294467
0.6,5,24.299439
0.8,3,24.303444
0.5,6,24.306468
0.6,5,24.31244
0.8,3,24.313446
0.9,2,24.316449
0.5,6,24.320443
1.0,1,24.323473
0.5,6,24.326473
1.0,1,24.326473
0.6,5,24.334016
0.5,6,24.340044
1.0,1,24.340044
0.6,5,24.347015
1.0,1,24.347015
0.5,6,24.352016
0.6,5,24.358016
0.6,5,24.362013
0.1,10,24.369044
1.0,1,24.372044
0.8,3,24.375016
0.8,3,24.377016
0.6,5,24.380016
1.0,1,24.38302
0.6,5,24.388016
0.4,7,24.395015
0.6,5,24.398017
1.0,1,24.399017
0.1,10,24.406017
0.8,3,24.407015
0.5,6,24.414022
0.8,3,24.41702
0.4,7,24.422022
0.8,3,24.424021
0.6,5,24.428056
1.0,1,24.429603
0.9,2,24.430603
0.5,6,24.436631
0.9,2,24.437641
0.4,7,24.443603
0.9,2,24.445604
1.0,1,24.448603
0.1,10,24.454603
0.8,3,24.456604
0.6,5,24.459603
0.5,6,24.465603
1.0,1,24.466603
0.8,3,24.469603
0.4,7,24.474602
0.6,5,24.479638
-0.3,14,24.490636
0.7,4,24.493604
0.6,5,24.4986
0.9,2,24.5016
0.5,6,24.504636
0.6,5,24.510601
0.8,3,24.511601
1.0,1,24.513605
0.7,4,24.516606
0.8,3,24.517606
0.6,5,24.523606
0.6,5,24.528183
0.4,7,24.535225
0.5,6,24.54119
1.0,1,24.54119
0.7,4,24.544191
0.6,5,24.549222
0.5,6,24.553189
1.0,1,24.553189
0.1,10,24.561225
0.9,2,24.563193
0.0,11,24.57319
0.5,6,24.579189
0.7,4,24.583187
1.0,1,24.584187
1.0,1,24.584187
0.6,5,24.588217
0.3,8,24.595218
1.0,1,24.597217
0.3,8,24.604189
1.0,1,24.606212
0.8,3,24.609224
0.8,3,24.611226
0.7,4,24.614263
0.8,3,24.617264
0.5,6,24.625264
1.0,1,24.625264
0.7,4,24.62873
0.2,9,24.634769
0.6,5,24.637771
1.0,1,24.641735
0.6,5,24.644735
1.0,1,24.645736
1.0,1,24.645736
0.6,5,24.651739
0.6,5,24.654738
0.9,2,24.655737
-0.1,12,24.664738
0.7,4,24.667736
0.5,6,24.672735
0.9,2,24.674738
1.0,1,24.677768
0.5,6,24.680768
1.0,1,24.681736
1.0,1,24.684738
0.5,6,24.688769
1.0,1,24.688769
0.8,3,24.692732
0.4,7,24.698736
0.6,5,24.702735
0.3,8,24.709734
0.7,4,24.712735
1.0,1,24.71374
0.7,4,24.71774
0.5,6,24.72378
